Time,010_Cond1_cell1,010_Cond1_cell2,010_Cond1_cell3,010_Cond1_cell4,011_Cond1_cell1,011_Cond1_cell2,011_Cond1_cell3,011_Cond1_cell4,011_Cond1_cell5,011_Cond1_cell6,013_Cond1_cell1,013_Cond1_cell2,013_Cond1_cell3,013_Cond1_cell4,014_Cond1_cell1,014_Cond1_cell2,014_Cond1_cell3,014_Cond1_cell4
-4.99965,1,1,1,1,1,1,1,1,1,1,1,1,1,1,1,1,1,1
-3.9996,0.999455933,0.999020634,1.001744252,0.997102219,0.99772561,0.992211418,0.999742854,0.999485357,0.997020186,1.000754124,1.002037956,0.997947056,1.002578931,1.005017978,1.001233476,0.998791344,0.997304323,1.005721329
-2.9992,0.99929077,0.998926722,1.002845186,0.998038148,0.999134476,0.991925972,1.002920197,1.000361475,1.001174967,1.001887983,1.001501946,0.999181097,1.001532931,1.005586964,1.003279707,1.000759284,0.997009483,1.011122976
-1.9996,1.003866762,0.997444257,1.002679383,0.993124519,1.000319452,0.992823087,0.998559276,1.0011702,1.001962316,1.002337248,1.002188709,1.002667122,1.001070046,1.00369236,0.999297206,0.998396207,0.996865072,1.001750015
-0.9994,1.004192231,0.998289463,1.002745704,0.995009877,0.994899687,0.995297992,1.003765609,0.998431565,1.006310906,1.001117814,1.001775534,1.002678495,0.998707529,0.999788143,1.004933904,1.001146673,0.998610041,1.006614463
0,0.919618959,0.973154633,0.939495029,0.996634254,0.921040704,0.900159975,0.954752805,0.888751379,0.927945443,0.96662067,0.893166426,0.919423356,0.909070142,0.870948997,0.844271269,0.950592319,0.970142967,0.767066764
1.0003,0.968288666,1.028307709,0.989985476,1.037770148,0.899443553,0.923321832,0.980340631,0.876546992,0.928048404,0.973947971,0.990759404,1.00700617,0.99549138,0.960328317,0.970157531,0.981792685,1.045832531,0.92071543
2.0006,1.012455248,1.092469613,1.048096246,1.101845311,0.953518343,0.992409034,1.029395706,0.890950864,0.947792697,1.016553281,1.011669393,1.024874179,1.002903552,0.973306054,1.01813879,0.987804973,1.087994609,0.966070805
2.9998,1.029928543,1.11951622,1.070128199,1.155130288,1.0059085,1.053008156,1.074966976,0.907787036,0.962540352,1.064667437,1.041898147,1.054724331,1.011836632,0.989449536,1.051509574,0.991671122,1.114692645,0.993626123
4.0008,1.049242921,1.14718667,1.091112275,1.198988476,1.048665946,1.09782936,1.117276362,0.922380836,0.985652076,1.109037717,1.064734424,1.07579971,1.027869286,0.999031512,1.0794588,0.996397276,1.136721382,1.017559471
4.9997,1.061149244,1.164895758,1.103162865,1.242599184,1.083655516,1.139930991,1.156359089,0.938567578,1.012530964,1.149717605,1.079262539,1.100378174,1.036519826,1.011028655,1.103463773,0.999852792,1.15875012,1.037261144
6.0002,1.066793939,1.180196678,1.115578223,1.273781829,1.106669725,1.166976161,1.176155838,0.952628354,1.028211325,1.180807821,1.101127297,1.118371293,1.050995503,1.029496507,1.121301365,1.000612076,1.170002166,1.054421836
6.9999,1.086778686,1.198039926,1.13522924,1.309590126,1.130582222,1.18401192,1.202374201,0.964955275,1.04397042,1.207351903,1.116515262,1.136153999,1.063042537,1.036838856,1.135275978,1.004276782,1.182192885,1.070504835
7.9992,1.08973705,1.208249483,1.143446455,1.339652356,1.150928869,1.210953576,1.224601511,0.978299228,1.062757781,1.225611321,1.121836282,1.142779152,1.06486402,1.038563975,1.15671838,1.008522573,1.196297054,1.092592593
9.0003,1.103756491,1.219545735,1.156763783,1.35735402,1.173020216,1.222776035,1.246085563,0.987611812,1.07639709,1.241458614,1.135124874,1.158486167,1.077476134,1.048593877,1.171587025,1.00969249,1.20265115,1.10649384
9.9999,1.111912638,1.233894121,1.174909306,1.377436004,1.187231742,1.24597867,1.267661201,0.999620145,1.092943535,1.260033588,1.145504492,1.17104268,1.085200904,1.054967737,1.176822126,1.012706382,1.215214932,1.107555055
10.9996,1.116614932,1.240628941,1.177734595,1.397679975,1.198901303,1.260351317,1.284604681,1.008411959,1.109181096,1.271912372,1.161467552,1.181455259,1.098780869,1.066087188,1.198231062,1.016564783,1.221918023,1.132276074
12.0008,1.126529581,1.245109877,1.186581864,1.419566323,1.204569531,1.276028858,1.303189672,1.01825144,1.122832519,1.284973151,1.169937633,1.187045409,1.103914685,1.074155902,1.203882103,1.017649474,1.230504477,1.143481442
12.9999,1.132106268,1.257486114,1.198486547,1.439369328,1.212905322,1.284206399,1.311245751,1.023949271,1.1300943,1.291380528,1.171545664,1.194273366,1.100734605,1.077787732,1.223971506,1.023801223,1.240180033,1.16202303
14.0005,1.136934863,1.260283345,1.202717849,1.438365903,1.225047235,1.309739649,1.324219314,1.034119593,1.15476861,1.305120553,1.18816757,1.209718786,1.116496742,1.091558418,1.232032128,1.024831679,1.250102291,1.166676554
15.0002,1.143521959,1.268554294,1.21011268,1.459622299,1.232632177,1.318748432,1.335660567,1.042482539,1.165076827,1.311650942,1.19400785,1.215991356,1.117350374,1.099802671,1.24312385,1.025800153,1.254103687,1.179411125
16.0004,1.15356291,1.277891814,1.220472075,1.472491327,1.239149547,1.336571518,1.35391796,1.048407058,1.180672396,1.321358278,1.204314884,1.225118713,1.126337557,1.109190949,1.253704014,1.02630376,1.263646866,1.193730926
17.0001,1.161408162,1.286062143,1.229253023,1.482755052,1.246985682,1.354604768,1.355598218,1.053486092,1.185251134,1.330028026,1.208887723,1.227461685,1.127605983,1.108621963,1.268453135,1.032285057,1.270542505,1.204583655
17.9993,1.164818296,1.291280957,1.232124737,1.488537115,1.255422496,1.373999373,1.364982299,1.060574684,1.196249796,1.336900712,1.21427016,1.237390884,1.132493327,1.114675012,1.279439677,1.030286126,1.270843362,1.21866287
19.0006,1.171998037,1.295735061,1.241787758,1.501883108,1.261994474,1.383911543,1.375042711,1.067834824,1.212257209,1.339976039,1.222595072,1.245255765,1.13890158,1.121636018,1.286022996,1.037724008,1.281391403,1.222858292
20.0004,1.179731561,1.302523545,1.250256995,1.511674369,1.267501611,1.392280427,1.381031051,1.071902953,1.222922761,1.347057313,1.23226001,1.2488669,1.145790752,1.133675532,1.293189587,1.034686873,1.291710792,1.227511815
20.9997,1.181266607,1.307433792,1.25135793,1.524597393,1.274098162,1.406229611,1.392940803,1.074108565,1.230977948,1.356422352,1.238988057,1.250828855,1.150882487,1.139958597,1.304204814,1.037816982,1.293533985,1.246172049
22.0007,1.18756224,1.311686656,1.255735139,1.535297585,1.282936339,1.413782936,1.410673336,1.082771719,1.251515647,1.366696618,1.25028336,1.258164861,1.160603073,1.143348305,1.315339564,1.041675383,1.298281506,1.257416965
23.0003,1.192521993,1.31630846,1.262035668,1.532642785,1.284981379,1.413569636,1.411814643,1.084677123,1.250964503,1.373221659,1.24772056,1.267678922,1.159244475,1.145037105,1.315239165,1.041086551,1.303871426,1.251438572
24.0002,1.196957111,1.32287558,1.265292046,1.551802339,1.287962933,1.425401506,1.423231238,1.093977454,1.267341364,1.386095244,1.248340322,1.265660098,1.15608243,1.14506737,1.329993068,1.04396873,1.3095155,1.267630328
24.9999,1.200804442,1.329435992,1.269258063,1.562705016,1.304208578,1.452390213,1.442809588,1.098927827,1.282743124,1.397941938,1.25373951,1.274520174,1.160861567,1.153293464,1.334286329,1.046254329,1.313871907,1.267765452
26,1.212560175,1.33297781,1.277462014,1.568928046,1.290234593,1.440260351,1.435873681,1.097206225,1.279181884,1.394085745,1.264068877,1.281503597,1.175583716,1.160587388,1.338880788,1.046502258,1.318475017,1.273753732
26.9999,1.217116736,1.332722906,1.281162746,1.585009832,1.30021133,1.455345044,1.446938021,1.101776743,1.290707463,1.406590292,1.269529483,1.282168956,1.172571958,1.159903393,1.342557311,1.047462985,1.323084144,1.27632108
28.0008,1.218302025,1.34054442,1.282489173,1.582625012,1.305622904,1.460652447,1.457826232,1.106488175,1.300512988,1.415340265,1.27604536,1.284466434,1.1720189,1.166979408,1.353276122,1.049818314,1.327663185,1.285664379
29.0001,1.219526176,1.343858166,1.286926072,1.593086722,1.312309557,1.469093476,1.471197844,1.111536576,1.316290253,1.423475173,1.276854959,1.290130513,1.175018636,1.164334225,1.363397318,1.051189674,1.335184606,1.295884334
30.0003,1.22620557,1.348251898,1.292536858,1.598747295,1.317237858,1.472569009,1.479285626,1.11396275,1.313813132,1.431037802,1.284962116,1.293093349,1.183795417,1.174557825,1.364492147,1.051429855,1.338205208,1.292641369
31,1.229309666,1.351532104,1.29558764,1.600740644,1.323924511,1.477954831,1.483234408,1.11821468,1.323049343,1.43597437,1.291271406,1.297762234,1.184510785,1.172941661,1.372949585,1.052227878,1.343139261,1.298148478
31.9998,1.233715638,1.35628136,1.302100397,1.604790338,1.331845287,1.487424718,1.495235747,1.122938365,1.327464554,1.44500246,1.295509238,1.29194461,1.192788612,1.180247691,1.379838883,1.057891515,1.346653269,1.310625985
33,1.236960609,1.359092007,1.305615429,1.604925328,1.330368162,1.488516311,1.493703436,1.124421027,1.330953116,1.445526603,1.292784518,1.291341807,1.191111405,1.183122889,1.378265962,1.055760872,1.34948734,1.309795469
34.0008,1.241420015,1.359957337,1.307923412,1.610752388,1.337412492,1.501028858,1.507476619,1.129518441,1.342508979,1.448789124,1.300763256,1.2994171,1.195764301,1.183473966,1.388377597,1.057992237,1.350696784,1.32120517
34.9993,1.242522722,1.36058118,1.31005896,1.619859701,1.336131953,1.497741531,1.508533385,1.129487808,1.343998886,1.452661361,1.308440489,1.303153345,1.202016255,1.195301623,1.396313915,1.061052615,1.353615096,1.322951889
35.9998,1.241225705,1.367671523,1.310735437,1.631698307,1.347918919,1.511631117,1.518371876,1.134670996,1.352332673,1.467230387,1.309043501,1.301504166,1.200447255,1.201106497,1.394784022,1.057922507,1.360155724,1.318891591
37.0003,1.249585878,1.36751724,1.314303526,1.627666611,1.344989242,1.510919072,1.524610318,1.136423232,1.362120028,1.467701046,1.32049514,1.312826637,1.204090221,1.206808469,1.407405637,1.063121276,1.363561423,1.326771602
37.9997,1.250193095,1.373675172,1.320975454,1.632175271,1.346652032,1.514366374,1.528305476,1.136429359,1.352405352,1.468171705,1.321673246,1.310062839,1.202659485,1.207619578,1.414830397,1.065468858,1.364361702,1.338135163
39.0003,1.252320786,1.377297486,1.316412545,1.649840937,1.348085471,1.51467064,1.535685225,1.143450558,1.371404691,1.476825407,1.324906059,1.314447383,1.206055979,1.214635062,1.411980972,1.065166694,1.367358236,1.335960003
40.0001,1.260166038,1.383629826,1.325525099,1.635059553,1.353254044,1.521844417,1.538732233,1.144124495,1.376601196,1.4838425,1.327781531,1.317859479,1.208827278,1.221832137,1.417201731,1.067018417,1.362550544,1.349650327
41.0004,1.255604619,1.38628619,1.327156605,1.645750746,1.350559178,1.528569636,1.542786692,1.145643916,1.383511698,1.487848448,1.330422499,1.315743979,1.208731094,1.221323681,1.421944398,1.067064903,1.369482286,1.343062229
42.0006,1.262896088,1.387661327,1.330923657,1.644882311,1.361663554,1.533839398,1.551198549,1.151127313,1.388544676,1.501486854,1.330986427,1.322852512,1.211682737,1.226347711,1.421289413,1.068343289,1.370204342,1.345913007
43.0002,1.267462365,1.390049371,1.334889674,1.643320929,1.362100412,1.534184442,1.551948853,1.154784953,1.396563524,1.50689408,1.330182411,1.325769854,1.212686657,1.225100783,1.425501398,1.068459506,1.375523491,1.345873458
44.0005,1.269007126,1.389593228,1.337263979,1.65191528,1.363585728,1.535150565,1.55676066,1.15129886,1.397048046,1.505856492,1.334531912,1.328789559,1.226873783,1.232661041,1.427432888,1.068893383,1.374410321,1.351027928
44.9996,1.268370762,1.397830637,1.342470205,1.661688543,1.372625952,1.546367629,1.565524772,1.15616346,1.403080352,1.516408874,1.339545843,1.330125963,1.232993484,1.246692009,1.433939713,1.069877352,1.38250337,1.355355177
45.9993,1.272665005,1.399447262,1.343252797,1.661504056,1.371334491,1.542656838,1.568635187,1.155311849,1.403086409,1.518633806,1.34749108,1.333424323,1.234784909,1.245608513,1.441163675,1.072085474,1.388117358,1.363044037
46.9996,1.275025867,1.402767716,1.353758099,1.670089408,1.372224589,1.55303325,1.573623122,1.156966058,1.418494225,1.530796055,1.347826087,1.33414655,1.230270277,1.245354285,1.439461669,1.072031239,1.385903052,1.361043549
47.9997,1.267841268,1.400507124,1.343756839,1.665076787,1.376137195,1.558723338,1.58031245,1.16286607,1.424496248,1.537978949,1.350042713,1.339031533,1.236462116,1.247497064,1.442110296,1.074200621,1.390554299,1.356317521
49.0004,1.275793391,1.39915211,1.346230626,1.663479407,1.380060723,1.565824969,1.585627983,1.164912388,1.42814228,1.544926513,1.346184555,1.342147914,1.241247265,1.24546324,1.44689121,1.077028566,1.387684124,1.363558166
50,1.278003663,1.399614961,1.347026482,1.674886046,1.372661446,1.567255332,1.586857354,1.165151329,1.432085082,1.550435359,1.346195722,1.342796213,1.242365403,1.246244083,1.460822795,1.077896319,1.393015308,1.372894874
51.0002,1.284877366,1.410072715,1.35366525,1.68040263,1.378668239,1.567584693,1.592504007,1.164299718,1.429402039,1.553056073,1.354118626,1.339025847,1.241908529,1.246044333,1.458561423,1.079763537,1.395470299,1.364662224
52.0004,1.286344404,1.410294078,1.355508983,1.678301288,1.381682557,1.570166248,1.591028057,1.167565249,1.437481452,1.551654793,1.357005265,1.340731895,1.241583908,1.252557413,1.461941529,1.07764839,1.397961394,1.364968724
52.999,1.284629622,1.409824519,1.357498624,1.681122575,1.384560357,1.574112296,1.596336545,1.170977821,1.440249287,1.559987592,1.367747807,1.346140067,1.247601414,1.259124971,1.464226807,1.078988758,1.392449697,1.373267288
54.0005,1.290900965,1.413346213,1.357213442,1.673878122,1.39336304,1.574695734,1.589696532,1.169341992,1.445821296,1.56202533,1.369316754,1.34805084,1.237952966,1.258023316,1.480042072,1.085032037,1.399658227,1.386413821
55.0006,1.291109848,1.41278945,1.359872928,1.686913638,1.392423796,1.58370138,1.595487609,1.170836907,1.446045388,1.566534026,1.363962234,1.346805425,1.24122923,1.257351428,1.464274616,1.082056884,1.402829258,1.377159505
55.9998,1.29377189,1.412963857,1.365019465,1.685748226,1.391522777,1.57718005,1.5921905,1.170879794,1.448086439,1.568881972,1.362465871,1.348261253,1.243327242,1.266927351,1.474740038,1.082637969,1.403599451,1.383599296
56.9997,1.294699719,1.412635166,1.368733461,1.69589496,1.398023765,1.598503764,1.601704916,1.173036393,1.458951857,1.576476692,1.371427295,1.352896016,1.248491115,1.271442926,1.471049172,1.081034176,1.407480504,1.369994661
57.9999,1.295496388,1.412648582,1.365987757,1.691269309,1.404759564,1.608745295,1.611004456,1.177766205,1.468042711,1.584451148,1.374699192,1.350837385,1.249801621,1.27256274,1.476523319,1.080925706,1.406535814,1.375920323
58.9999,1.30071846,1.415157369,1.369542582,1.689550439,1.40033365,1.602641154,1.60412491,1.173544909,1.452640951,1.579477141,1.370952703,1.358184765,1.245990334,1.270982894,1.48055363,1.086147719,1.408900549,1.379509337
59.999,1.297925259,1.412963857,1.364018013,1.695714974,1.402337735,1.611276662,1.61276221,1.177141282,1.46479641,1.588986586,1.377630499,1.362017686,1.252344483,1.27518371,1.481457223,1.083319775,1.417757774,1.379034756
60.9999,1.298901665,1.413198637,1.373714195,1.694653054,1.406138397,1.618886449,1.612885499,1.179751256,1.47062885,1.595843228,1.374018012,1.365105633,1.249795609,1.272217716,1.490703512,1.086558353,1.415471262,1.388809792
61.9998,1.304424916,1.414499987,1.373568288,1.702999924,1.41108854,1.618641782,1.612635398,1.181509619,1.468660477,1.607288792,1.378669019,1.361744718,1.252903552,1.268852221,1.488599909,1.085380688,1.418281265,1.385042811
63.0006,1.301840598,1.418048512,1.37761389,1.705587228,1.417616832,1.625624216,1.617764236,1.18466487,1.475673941,1.609834628,1.380550639,1.357815121,1.257983264,1.277205428,1.492654125,1.08530321,1.426061423,1.386749982
63.9989,1.304614368,1.421925729,1.379583635,1.7112523,1.416939703,1.623858218,1.61109252,1.185400074,1.466698161,1.615498577,1.387457356,1.369848446,1.257159689,1.27895476,1.494795974,1.08892143,1.426019303,1.391838537
65.0001,1.303944,1.421570206,1.381042704,1.699895158,1.419907605,1.632694479,1.612691759,1.183188335,1.470513776,1.618718311,1.385614821,1.379368194,1.259852839,1.276854352,1.491956111,1.087542322,1.434040146,1.388401126
66.0004,1.305027276,1.419993829,1.38220996,1.696497914,1.427937595,1.646938519,1.632178523,1.18971327,1.486079062,1.633816828,1.38936131,1.376979726,1.252128069,1.280280377,1.493682021,1.090610449,1.433769375,1.390444458
66.9993,1.315311114,1.419074834,1.383940947,1.705051769,1.418023656,1.639874529,1.624488789,1.191140792,1.493540709,1.638646428,1.393403722,1.375228184,1.250631207,1.279941406,1.499619917,1.088371336,1.429918408,1.396211926
68.0006,1.317375654,1.423770426,1.387535565,1.713092662,1.415869401,1.647565872,1.628391778,1.191600294,1.497077723,1.636924245,1.390081574,1.378111405,1.252422632,1.287937484,1.505634308,1.089750444,1.435869356,1.393081015
69.0005,1.31291139,1.423817382,1.383184884,1.705618726,1.418973821,1.648353199,1.62865597,1.193934567,1.494188758,1.642331472,1.390260244,1.376956979,1.257947195,1.286950837,1.50606459,1.089456027,1.433998026,1.397757608
70.0001,1.310516524,1.426198717,1.384345508,1.706563654,1.427926673,1.650840652,1.638462758,1.194700404,1.50469684,1.646230452,1.398244566,1.384782052,1.26102508,1.291430093,1.50961681,1.088658005,1.426584914,1.393446837
70.9999,1.309005766,1.423871046,1.385194421,1.714793533,1.434774418,1.65531995,1.643577505,1.197702487,1.507228471,1.647941938,1.392862128,1.385868236,1.261524034,1.29632701,1.514015251,1.091408471,1.433288004,1.403281195
71.9996,1.322335408,1.42722504,1.391707178,1.714208577,1.425379247,1.658293601,1.639191926,1.198658253,1.50350976,1.65676144,1.391131261,1.38444653,1.254857287,1.294359769,1.515975426,1.089610983,1.431916097,1.405344301
72.9995,1.321140403,1.430143014,1.392204588,1.716791382,1.42479768,1.653936637,1.6475439,1.197206225,1.50726481,1.651193762,1.380930313,1.388580852,1.258626494,1.296956527,1.517648746,1.091408471,1.437999422,1.401251046
74.0001,1.316452683,1.425863318,1.394956924,1.719306692,1.425881633,1.660069009,1.647610828,1.199644651,1.520528614,1.657504867,1.384861056,1.388307885,1.260411908,1.290600826,1.509263022,1.093438393,1.436543275,1.398449704
74.9994,1.322383985,1.429713703,1.400760043,1.711270299,1.427730087,1.65976788,1.650932596,1.199675285,1.513085137,1.659087992,1.39038308,1.400813216,1.261692356,1.295897243,1.514211269,1.092903796,1.44300568,1.40079624
75.9989,1.319624788,1.430397918,1.398611231,1.722555447,1.432300711,1.661220201,1.655702133,1.200980272,1.52504073,1.664698458,1.383174857,1.398970684,1.260147402,1.291587473,1.520149165,1.097374273,1.443685617,1.403581104
77.0005,1.321067537,1.432705466,1.405395905,1.72489527,1.43585018,1.663513174,1.65551896,1.202322019,1.528305201,1.67175299,1.387920782,1.405675453,1.263219275,1.292961515,1.516166663,1.094685788,1.435730962,1.399306585
77.9991,1.322743458,1.433919611,1.40631114,1.729871895,1.438457674,1.664601631,1.658065766,1.199607891,1.531436428,1.673394947,1.387920782,1.397958429,1.259179551,1.293161265,1.517682213,1.094244164,1.443613411,1.403063679
78.9999,1.319498487,1.436703426,1.40590658,1.726992112,1.438995555,1.669080928,1.665188369,1.203688273,1.533217048,1.683348309,1.387323354,1.399789587,1.258788804,1.29426292,1.524007363,1.095150656,1.444925147,1.414595321
79.9993,1.325565805,1.435301457,1.41081436,1.723963841,1.441043325,1.67576537,1.667315991,1.205520157,1.530176669,1.683332264,1.390612001,1.395865677,1.257550436,1.295297992,1.52253006,1.09320596,1.450238279,1.407282171
81.0002,1.323180655,1.437501677,1.405866787,1.727784052,1.449294475,1.679774153,1.675759551,1.209355471,1.540684751,1.695911687,1.390623168,1.397537604,1.268755861,1.300999964,1.530896661,1.096312825,1.442873303,1.412014791
82.0002,1.329131387,1.439903137,1.416173125,1.723189899,1.443825563,1.678748432,1.67124716,1.205942899,1.535112742,1.688627174,1.391505352,1.399437004,1.260790632,1.296750723,1.541969259,1.093949748,1.447909647,1.414321779
83.0001,1.33482466,1.448100298,1.422559872,1.73827726,1.441340935,1.690313676,1.673092978,1.206978311,1.540206285,1.693082387,1.395838103,1.404208252,1.258897011,1.302325581,1.539430593,1.095754984,1.447981852,1.413883451
83.9988,1.327193149,1.441412434,1.410748039,1.728036033,1.442656968,1.683560226,1.671088645,1.211168974,1.538159178,1.698987014,1.39640203,1.39811766,1.261163344,1.300854691,1.539894342,1.095189395,1.45212766,1.418896205
85.0001,1.333109877,1.450910945,1.412479026,1.726555645,1.439279512,1.688481807,1.675520017,1.211916432,1.53551853,1.705656462,1.401834719,1.401927834,1.269320942,1.311471738,1.547572491,1.095251377,1.459342207,1.422518176
85.9988,1.325123751,1.448294829,1.407843163,1.731307286,1.442263797,1.685878294,1.681800729,1.212333047,1.54267735,1.706619173,1.395782268,1.405237567,1.262083103,1.324740022,1.545722277,1.097025622,1.45149586,1.423292664
86.9996,1.332536664,1.446718452,1.41053581,1.742880413,1.435902057,1.685577164,1.67855998,1.214403872,1.55093846,1.703618724,1.383202774,1.407864881,1.265275206,1.3103035,1.555876939,1.098714641,1.452554876,1.43037182
87.9997,1.338429104,1.450347474,1.415781829,1.731662759,1.431372388,1.690081556,1.672980256,1.210366377,1.543864431,1.702056992,1.393783396,1.407876255,1.26154808,1.320284978,1.554609997,1.095654262,1.450659478,1.425441459
88.9989,1.340668522,1.453124581,1.418374994,1.740905062,1.435943012,1.686944793,1.680913046,1.210868766,1.544227822,1.700671758,1.389852653,1.398794393,1.258458172,1.309274482,1.552707193,1.099791584,1.446315105,1.427840726
90.0002,1.334057137,1.453070917,1.420404428,1.738857716,1.440909538,1.693698243,1.691131972,1.216217375,1.559011816,1.708672956,1.397970977,1.401950581,1.266766057,1.31052141,1.554796453,1.098280765,1.453962886,1.427138742
90.999,1.33482466,1.449441895,1.417804631,1.741993979,1.44236755,1.698102258,1.681980379,1.217093493,1.555462689,1.695783326,1.398272483,1.409485627,1.273420781,1.312888152,1.544966892,1.098257521,1.457308414,1.428697607
91.9996,1.334518622,1.454747914,1.425736664,1.756325397,1.446119066,1.693563363,1.689469327,1.221032962,1.557812623,1.704121473,1.397049709,1.397719583,1.269922091,1.316919482,1.559309636,1.097722923,1.464264225,1.432507432
92.9995,1.329894053,1.4491937,1.419071368,1.754854009,1.443328637,1.695586575,1.691762509,1.218184046,1.553984895,1.698420084,1.403007242,1.405828997,1.271310746,1.318759609,1.554930318,1.095468315,1.462308655,1.430391595
94.0003,1.336058526,1.452406826,1.420928366,1.756091415,1.441638544,1.696565245,1.687246596,1.219305232,1.554699566,1.705811565,1.403063076,1.402729677,1.275524803,1.314268247,1.558731145,1.100341678,1.464817801,1.433453297
94.9999,1.336063384,1.452447074,1.423932724,1.755470462,1.445734085,1.695021957,1.704390862,1.218857983,1.566134298,1.706859851,1.399076499,1.405152265,1.278632746,1.316174957,1.559725576,1.097598959,1.463259363,1.429089795
95.999,1.338798292,1.452970297,1.429284857,1.755866432,1.445840569,1.696320577,1.70935414,1.219317486,1.557473457,1.709849603,1.398484654,1.403599761,1.269188689,1.312343377,1.56633758,1.100318434,1.461406085,1.429172187
97.0003,1.340906552,1.456042555,1.430458745,1.755884431,1.446023503,1.697910916,1.702633108,1.21763877,1.562845601,1.71588794,1.399902848,1.408029799,1.279233895,1.31369926,1.565993355,1.099466177,1.468319775,1.431442922
97.9997,1.344408983,1.45712925,1.430186827,1.763623846,1.454605026,1.702412171,1.710393293,1.221731405,1.56468073,1.722204394,1.397909559,1.406517103,1.263189218,1.304504679,1.566825234,1.101813759,1.460720131,1.434946247
98.9993,1.343762903,1.457525021,1.431168383,1.754638025,1.455205705,1.707656838,1.708459411,1.221970347,1.568453949,1.729157307,1.40376659,1.409303648,1.262810494,1.310636418,1.566351923,1.099380951,1.462747906,1.425998431
99.9998,1.340061305,1.453332528,1.433589113,1.775246469,1.454848028,1.708782936,1.710079786,1.21958706,1.577787064,1.728253428,1.401337793,1.412243737,1.269254815,1.319201482,1.575564746,1.105044589,1.464047608,1.430398186
100.9989,1.339939861,1.454157611,1.429835324,1.769072935,1.457493747,1.716207654,1.715106469,1.220916554,1.576575758,1.730681599,1.403917343,1.409553868,1.267228942,1.31568466,1.562436354,1.102185653,1.465991143,1.416566148
101.9993,1.344248677,1.45919531,1.438357618,1.75815226,1.460551751,1.711515056,1.717984395,1.22187232,1.571645741,1.728510151,1.400773865,1.407853507,1.267283045,1.312936576,1.56696388,1.101201683,1.462934437,1.41832605
103.0002,1.33789961,1.458745875,1.436029738,1.756347896,1.464873912,1.714153074,1.71763214,1.220879794,1.575449243,1.737901932,1.400422108,1.408643976,1.265858321,1.31874145,1.563000502,1.099411942,1.464835853,1.422617047
103.9992,1.339191769,1.460999759,1.43395388,1.763025392,1.460363356,1.711097867,1.71187981,1.224592574,1.569810612,1.741865092,1.407278575,1.40663084,1.272218482,1.324703703,1.577768747,1.102813224,1.46181525,1.424805389
104.999,1.343947498,1.465118463,1.436109324,1.776006911,1.463683475,1.722355709,1.720890501,1.223085406,1.573698906,1.747775068,1.408546016,1.407330319,1.280484286,1.321422951,1.577027705,1.101821506,1.469541253,1.415514821
105.9988,1.346570678,1.467734578,1.43618891,1.7735096,1.462487577,1.718403388,1.717487715,1.223575542,1.572148433,1.740485206,1.405542124,1.412226677,1.279083608,1.330145394,1.573805369,1.103278092,1.470756715,1.416852874
106.9996,1.340882263,1.470236658,1.430200092,1.779890118,1.462613173,1.721687578,1.72795322,1.221173876,1.582329463,1.745544787,1.405670543,1.416161961,1.277051723,1.312827621,1.571137619,1.101341143,1.472441513,1.41584439
108,1.346628971,1.475415224,1.441143115,1.773140628,1.467050009,1.724705144,1.724680769,1.22617939,1.579385989,1.754792161,1.39880291,1.416156274,1.276264217,1.318257206,1.572476275,1.103983141,1.466514634,1.418078873
108.9996,1.342752493,1.472235638,1.434159476,1.778855196,1.471970119,1.733610414,1.726353981,1.226056856,1.592001744,1.752888133,1.404498021,1.42302596,1.286910573,1.326422769,1.574259556,1.104130349,1.468361895,1.416401363
110.0001,1.34546797,1.472752153,1.436480724,1.77165574,1.468865699,1.726464868,1.718896736,1.225113344,1.586163248,1.750893182,1.404151847,1.415013222,1.283459975,1.318081668,1.577740062,1.101937723,1.466153605,1.424106701
111.0004,1.344904473,1.478702139,1.439551402,1.770283344,1.470585826,1.724849435,1.712862603,1.226467345,1.581275627,1.744223734,1.403353415,1.415525036,1.289976435,1.320878176,1.575287452,1.102991423,1.458457687,1.431723056
112.0001,1.35058803,1.479440017,1.446309548,1.764424786,1.474378297,1.730677541,1.718960142,1.229285627,1.590118163,1.748513146,1.411990999,1.414501407,1.288215067,1.316519981,1.576133674,1.104703686,1.462230432,1.430098278
113.0002,1.346803849,1.47552926,1.446176906,1.764051314,1.476715486,1.737816813,1.712961234,1.229640975,1.587441176,1.756626661,1.405274119,1.414666325,1.284824585,1.322645667,1.57804604,1.100845284,1.469511168,1.430388299
113.9986,1.348844101,1.476548874,1.450991836,1.777343311,1.473048611,1.742776035,1.71004456,1.234879304,1.590166615,1.756188092,1.406753731,1.417577981,1.282654435,1.322742515,1.576855592,1.105160805,1.470275344,1.42994338
115,1.351865615,1.478749094,1.454321168,1.780952038,1.482932516,1.747493726,1.710474312,1.235099865,1.589924354,1.763531438,1.409539869,1.417725838,1.282540217,1.324685544,1.575722516,1.100798798,1.465943006,1.429702794
115.9993,1.349252151,1.479674797,1.450706654,1.772569171,1.481471774,1.745893977,1.713778467,1.237495405,1.59504818,1.762397578,1.410762642,1.417879382,1.281470171,1.326555936,1.576018932,1.104905128,1.474210552,1.431225406
116.9994,1.347717105,1.479211946,1.449260849,1.775768429,1.484308618,1.746540151,1.712062983,1.238224482,1.59548425,1.765365937,1.411722994,1.426170775,1.28730132,1.319080421,1.587569622,1.101550334,1.47125012,1.432187749
117.9993,1.351355553,1.478977166,1.456058787,1.786509119,1.477818551,1.75924404,1.724677246,1.23787526,1.594878597,1.754310806,1.409673871,1.421251671,1.280285907,1.315279106,1.585891521,1.101991958,1.462910369,1.436129402
118.9994,1.345307665,1.478111836,1.447702297,1.788551964,1.479849939,1.754915307,1.731514522,1.239903198,1.59311009,1.775827397,1.410533721,1.418175097,1.280808907,1.31661683,1.589917051,1.102619529,1.46143617,1.44425659
119.9998,1.349903088,1.481653653,1.452663134,1.78251342,1.480846521,1.760821832,1.735561935,1.245772577,1.600438493,1.773121109,1.409417033,1.422969092,1.276486642,1.316532087,1.59179117,1.106067297,1.463855059,1.440647802
121.0001,1.354707394,1.482404948,1.451111214,1.787391052,1.477993294,1.760900251,1.739006992,1.245018993,1.600759489,1.773163896,1.412141752,1.417196963,1.277953447,1.320847911,1.590208687,1.104579721,1.460942765,1.440301754
121.9989,1.355431197,1.483491642,1.452159092,1.788664456,1.479434925,1.755897114,1.730957958,1.244412449,1.594394074,1.76768714,1.412192003,1.423088515,1.286327458,1.321979831,1.58750747,1.104750172,1.458951093,1.435641639
122.9991,1.344627581,1.484611876,1.444412758,1.786671106,1.482026037,1.766245295,1.738633602,1.239988972,1.602116152,1.774923518,1.415073059,1.416036851,1.27623416,1.316634989,1.580493868,1.101759524,1.465052469,1.436788542
123.9996,1.355829532,1.48109689,1.452258574,1.785897165,1.475566004,1.769281681,1.739877063,1.241293959,1.597803902,1.775244422,1.409042942,1.420148426,1.27853055,1.32632592,1.580517773,1.100775554,1.466273948,1.430190557
125.0001,1.354731683,1.483028791,1.455766973,1.783129874,1.479945502,1.769175031,1.744248551,1.242157824,1.596659217,1.775132105,1.413185856,1.425124399,1.287788251,1.328535283,1.59942629,1.104804407,1.463548185,1.441933124
125.9999,1.355295181,1.489716655,1.458625424,1.794765995,1.484133875,1.768739021,1.738693485,1.242096557,1.599457335,1.769398627,1.414235543,1.431243425,1.29410032,1.328371851,1.600062152,1.105191797,1.466388274,1.444309321
126.9987,1.350534594,1.485517454,1.452815673,1.790617308,1.484390529,1.757271016,1.739848882,1.240626149,1.594612109,1.773340393,1.411477323,1.434729449,1.283465987,1.328813723,1.586077977,1.102751242,1.478157793,1.440018324
127.9998,1.35054431,1.487704258,1.453598265,1.81033032,1.490692201,1.770367001,1.741631294,1.240705796,1.605707675,1.780031235,1.402688986,1.433057522,1.282576286,1.325309008,1.590337772,1.100031766,1.479204775,1.435312069
128.9995,1.351127239,1.487335319,1.452875362,1.809682369,1.489359785,1.773776662,1.745192596,1.241790222,1.607379278,1.779453608,1.404944696,1.431470898,1.277634838,1.320551312,1.584887529,1.104176836,1.47713488,1.436870934
129.9995,1.358851047,1.493090772,1.462346052,1.799967602,1.499148128,1.785401506,1.757017807,1.247414533,1.614180763,1.794520035,1.413626948,1.431425403,1.282089355,1.328523177,1.586011044,1.104657199,1.473951815,1.442776822
131,1.357510311,1.491930291,1.460316618,1.816962819,1.495205487,1.7718601,1.75557356,1.241361353,1.613877937,1.781641101,1.41066214,1.435855441,1.29019886,1.331755505,1.590476418,1.103433047,1.473993935,1.447680818
131.9999,1.351831611,1.492674877,1.454891531,1.820481554,1.4988669,1.772195734,1.759043275,1.24268472,1.612418313,1.789535331,1.408439931,1.435804259,1.284127251,1.323723109,1.598527478,1.108577583,1.481497304,1.45530706
132.9997,1.355756666,1.488871448,1.456436819,1.817007816,1.502612955,1.772010665,1.748225514,1.239988972,1.598863795,1.78167854,1.403152411,1.433847991,1.273396735,1.325036621,1.596089212,1.102689259,1.480781265,1.453329642
133.9999,1.359948897,1.487295071,1.46286999,1.808998421,1.502700327,1.774309912,1.757510964,1.24140424,1.607815348,1.774613311,1.409712955,1.433233814,1.281097458,1.325430069,1.597528267,1.105997567,1.476081881,1.458899369
135,1.361338211,1.492560841,1.466836007,1.820693038,1.502249817,1.774416562,1.758028779,1.239112854,1.598021937,1.782828445,1.410550472,1.437015553,1.282167504,1.337064029,1.594368083,1.10349503,1.484283239,1.448227904
135.9991,1.355931545,1.488683624,1.462578176,1.816913323,1.503328309,1.772857591,1.753956708,1.242745987,1.603121536,1.781256017,1.411946332,1.433302056,1.275765263,1.328450541,1.599297206,1.101372134,1.482032829,1.457943617
136.9991,1.362474922,1.490850305,1.471810109,1.816899824,1.502036849,1.772612923,1.76503866,1.24448597,1.607651822,1.788893524,1.417747528,1.435872501,1.289988458,1.334455165,1.596662922,1.100101496,1.47829017,1.456941725
137.9998,1.360871867,1.493177976,1.473302339,1.813988544,1.504917379,1.770705772,1.769079028,1.241679941,1.611588568,1.798483195,1.411348904,1.43605448,1.28520932,1.338861785,1.597848588,1.101395378,1.483404737,1.454364491
138.9998,1.349514469,1.491849795,1.467459428,1.815837904,1.506176075,1.771072773,1.761403385,1.248750153,1.6155132,1.799269409,1.420354995,1.441360289,1.28464424,1.342203068,1.598345804,1.104355035,1.485318186,1.457554725
139.9994,1.363606776,1.498651694,1.478541726,1.808831933,1.505187685,1.775950439,1.768554168,1.250012253,1.615767575,1.808174486,1.417021681,1.438949074,1.286225263,1.347759767,1.601080487,1.102115922,1.481497304,1.46555338
141,1.365671316,1.502763691,1.479755407,1.833683557,1.504879154,1.766718946,1.756972013,1.246544541,1.608863128,1.799740068,1.411025064,1.437840143,1.279492389,1.342257545,1.59916334,1.101496099,1.481346876,1.463088199
141.9995,1.363849663,1.495250745,1.476266904,1.83033581,1.503161757,1.781722083,1.761519629,1.251035412,1.608614811,1.809891321,1.411672743,1.440524325,1.285714286,1.349678583,1.614242345,1.105098823,1.486298979,1.47548661
142.9997,1.365428428,1.49686737,1.4696414,1.826443604,1.503341961,1.790624216,1.75891294,1.250030634,1.606192198,1.815063218,1.411494073,1.439193608,1.275939597,1.338093047,1.610025578,1.103402056,1.488134206,1.468572238
143.9993,1.361129328,1.497974188,1.471511663,1.818582697,1.504816356,1.785464241,1.762699685,1.253351305,1.612515217,1.812538776,1.410991563,1.437396571,1.280255849,1.342318076,1.613367437,1.103866924,1.482941417,1.468667814
144.9995,1.367254939,1.49753146,1.47473488,1.82370331,1.508319408,1.778757842,1.755506631,1.253167504,1.60653742,1.803574867,1.411175817,1.443572464,1.283532113,1.343686065,1.605636698,1.104726929,1.490071724,1.462636689
146,1.368464517,1.499040758,1.475656747,1.820256571,1.506648428,1.784460477,1.761935291,1.254546012,1.611085876,1.795579017,1.414146208,1.43795388,1.281933056,1.3545755,1.607506036,1.106524417,1.490240204,1.460540626
146.9998,1.363815658,1.503407658,1.472526379,1.825669662,1.510238852,1.790759097,1.76484492,1.253381938,1.620903513,1.801317844,1.401812385,1.438181353,1.282660447,1.349418302,1.606506825,1.106245497,1.490468855,1.463427656
148,1.371588044,1.50353511,1.473249282,1.822699886,1.514113234,1.794912171,1.761438611,1.254441858,1.623507822,1.804018784,1.408936857,1.438198413,1.28243201,1.352541675,1.608438314,1.108383888,1.492081448,1.465840106
148.9998,1.363752508,1.503521694,1.473282443,1.829206395,1.518795802,1.784024467,1.754372369,1.254784953,1.616766902,1.802382175,1.402560566,1.441883477,1.289291125,1.348867475,1.610804867,1.107647847,1.483176085,1.469458781
149.9986,1.35583439,1.500254904,1.468918498,1.830754278,1.519868833,1.788152447,1.765151382,1.255771352,1.620013203,1.805810496,1.405525374,1.447075549,1.280917114,1.341966999,1.618707719,1.106222253,1.482694715,1.460985545
150.9989,1.359409687,1.498618154,1.472048866,1.845090196,1.51590435,1.799749059,1.770974162,1.257701262,1.627692885,1.806345335,1.40722274,1.448002502,1.287054849,1.350338365,1.616905314,1.106361714,1.483049726,1.464769005
151.9996,1.36394196,1.498852934,1.476651568,1.833796048,1.516780796,1.800677541,1.76488719,1.257143732,1.625645778,1.809549023,1.402984908,1.445693651,1.282576286,1.340538479,1.620744388,1.105772881,1.493766246,1.464762413
152.9992,1.363519336,1.501026322,1.473919128,1.828202971,1.523582124,1.79586261,1.769484122,1.252603848,1.630060989,1.823460197,1.407954171,1.443862493,1.284842619,1.352045325,1.626624913,1.107981002,1.489175171,1.462073125
153.9992,1.35794265,1.497444257,1.465124916,1.83681982,1.519715933,1.800370138,1.770572591,1.259661806,1.632925729,1.819448901,1.404257933,1.439597373,1.281842884,1.34528407,1.620548371,1.104796659,1.49176254,1.461252496
154.9996,1.364486027,1.497115565,1.472911043,1.838498193,1.517184889,1.799570263,1.765951001,1.259367725,1.62462828,1.823203474,1.412515843,1.442497654,1.282876861,1.349375931,1.623249588,1.109592544,1.490914123,1.46909955
155.9997,1.362300043,1.493748155,1.474210942,1.843677302,1.52400533,1.80031995,1.772721348,1.257995344,1.627214419,1.822663286,1.408931273,1.435241264,1.280670642,1.340484002,1.618602539,1.10423107,1.491918985,1.462913528
156.9994,1.366419408,1.497175937,1.481526187,1.839015654,1.526457193,1.803786073,1.775711996,1.259165543,1.628807287,1.828423507,1.415631404,1.434894367,1.279125688,1.341694612,1.619874262,1.102518808,1.489163137,1.460342884
157.9997,1.35972544,1.49543186,1.478236648,1.843326329,1.530263316,1.816678168,1.776127657,1.257345913,1.632586563,1.827658687,1.424844082,1.429662487,1.286423642,1.343589216,1.629455215,1.106570904,1.482080967,1.459904557
158.9999,1.359006495,1.495881295,1.480159967,1.859052642,1.526001223,1.817023212,1.77148141,1.256573949,1.629594636,1.81935263,1.414352795,1.430071938,1.28464424,1.335030205,1.622666316,1.106617391,1.484409599,1.458124881
159.9998,1.368644253,1.494989133,1.487309409,1.848055472,1.5212777,1.818259097,1.77316519,1.258559,1.632023306,1.81289177,1.416251166,1.43687907,1.288257148,1.338044623,1.636889537,1.107314692,1.481840281,1.471291188
160.9989,1.370689362,1.497249725,1.483980077,1.854521484,1.522670183,1.812766625,1.775683816,1.257860556,1.626984271,1.81229275,1.419740817,1.44685945,1.285618102,1.334794136,1.624186647,1.109011459,1.488717868,1.464719569
161.9997,1.377087007,1.497826612,1.485034587,1.858332696,1.527142514,1.820878294,1.780044736,1.256224727,1.629334205,1.818224119,1.413319859,1.440416276,1.285443768,1.337197196,1.63099945,1.107996498,1.486744248,1.472204096
162.9988,1.365365278,1.498517535,1.484106088,1.853266078,1.521201249,1.816173149,1.775271677,1.257652248,1.629958028,1.815416212,1.421561019,1.440683557,1.280556424,1.322221953,1.632352449,1.108360644,1.493351064,1.462672942
163.9994,1.365506152,1.499154794,1.482971992,1.846233109,1.523265402,1.815188206,1.781245927,1.260752359,1.629903519,1.81888732,1.417535357,1.440404902,1.293258711,1.335811048,1.635742117,1.109150919,1.49619717,1.461067937
164.9994,1.366982906,1.496444766,1.485379458,1.847659502,1.51991798,1.804557716,1.776483435,1.25733366,1.622181442,1.825492587,1.420477831,1.435514231,1.293252699,1.332699781,1.632142089,1.10798875,1.494343891,1.463028877
165.9986,1.363169579,1.494063431,1.480080381,1.858683669,1.530186866,1.814529486,1.78792821,1.259263571,1.628183464,1.830274052,1.420801671,1.438363331,1.282233631,1.331543649,1.6319891,1.106276488,1.499945846,1.45601893
166.9992,1.371257718,1.504776087,1.493046206,1.852384145,1.527235346,1.812550188,1.781858851,1.260096802,1.628571082,1.829364825,1.420031156,1.441428531,1.291773872,1.336004746,1.636966032,1.112381749,1.507900501,1.461160217
167.9995,1.362601223,1.504226032,1.48355562,1.841139494,1.527421011,1.806442911,1.780689364,1.256690357,1.623998401,1.818175984,1.421862524,1.43974523,1.292645538,1.340611116,1.631764397,1.108949477,1.496558198,1.456681365
168.9986,1.364087692,1.506640908,1.485551893,1.856942301,1.522443563,1.804686324,1.778540606,1.259049136,1.632047532,1.821497336,1.418590628,1.44082004,1.287499699,1.332566614,1.637444123,1.108391635,1.495210359,1.453695464
169.999,1.372326421,1.510498001,1.49128869,1.863250825,1.526782106,1.818431619,1.784377477,1.266107095,1.637928424,1.826626447,1.418858633,1.4401035,1.290685791,1.331259155,1.629259197,1.109662274,1.503092808,1.451863057
170.9991,1.368649111,1.496967989,1.487335938,1.855079442,1.517856558,1.810897114,1.772115469,1.25844872,1.625349008,1.82381854,1.421348848,1.434649834,1.285588044,1.343722383,1.634317405,1.107694334,1.503219168,1.4576503
171.9986,1.372044672,1.499879256,1.492509003,1.842237411,1.516461344,1.811079046,1.774010603,1.260458277,1.622066367,1.822165886,1.421745272,1.432062328,1.289693895,1.328741087,1.629809002,1.105718647,1.513893569,1.439504195
172.9988,1.368755981,1.502488664,1.48933221,1.836590337,1.530544543,1.825599122,1.785325044,1.264238451,1.640575128,1.832803842,1.418640879,1.433586397,1.288335297,1.338419912,1.641890374,1.107671091,1.511877828,1.448020275
173.9984,1.363393035,1.503488154,1.48861594,1.855317923,1.529744547,1.826853827,1.777385209,1.258479353,1.630727208,1.825519329,1.422783792,1.428792402,1.284992906,1.339473143,1.643817082,1.109623535,1.507515404,1.455517985
174.9993,1.36908145,1.504065041,1.49305947,1.849945329,1.52810087,1.835984944,1.778938655,1.257639995,1.635312002,1.832884068,1.425581097,1.437732094,1.290661745,1.346355459,1.634690316,1.107175232,1.506299942,1.454146975
175.9992,1.369421492,1.498047976,1.490804544,1.850782266,1.524341164,1.836844417,1.781041619,1.258338439,1.634300561,1.828776501,1.424587244,1.437208906,1.290144757,1.342481508,1.633131738,1.107671091,1.503676471,1.457854633
176.9996,1.363436755,1.503635729,1.489345475,1.84595863,1.532728832,1.835824969,1.786026032,1.265672099,1.646007837,1.839628394,1.429428088,1.445682277,1.296775435,1.340950087,1.632687113,1.106547661,1.501690815,1.455168641
177.9993,1.37019873,1.503025303,1.492873771,1.851641701,1.527041491,1.828419072,1.775726086,1.264483519,1.637716445,1.82585093,1.432191892,1.440740425,1.302263929,1.350435214,1.643501542,1.108538844,1.50733489,1.461008615
178.9997,1.365122391,1.506580536,1.491965168,1.853518059,1.518457237,1.822738394,1.769751836,1.260072295,1.632998407,1.822941403,1.428735741,1.444869061,1.298614952,1.345665412,1.64511271,1.109553805,1.506823433,1.465236994
179.9997,1.36243606,1.506037189,1.485299872,1.849153389,1.522989636,1.829736512,1.78093242,1.261358902,1.639860458,1.837162784,1.440371634,1.449361654,1.301109722,1.35066523,1.63105204,1.108476861,1.513105324,1.456559425
180.9995,1.368168194,1.505661542,1.490632109,1.844055274,1.517995806,1.828205772,1.7731511,1.257866683,1.646237985,1.833007081,1.434419685,1.452768063,1.300520595,1.353746232,1.638725408,1.109135424,1.500186531,1.464828327
181.9987,1.369921839,1.502884435,1.489372003,1.855709394,1.526828522,1.831675031,1.778498336,1.26158559,1.647340274,1.847993282,1.429193584,1.441934658,1.296685262,1.339237074,1.630009801,1.108414879,1.491918985,1.457159241
182.9992,1.36379137,1.506017065,1.488284333,1.852573131,1.527737732,1.830194479,1.776680698,1.260648205,1.642664632,1.837382068,1.435659209,1.448485882,1.298025825,1.343250245,1.642105515,1.110514531,1.511974102,1.465784079
183.9986,1.370883672,1.503944297,1.489000604,1.858247202,1.531972522,1.835467378,1.785575145,1.264287465,1.645123584,1.847174978,1.43916561,1.447257528,1.293228653,1.342947593,1.635417015,1.10981723,1.505066429,1.455732205
184.9992,1.375095333,1.508203869,1.49569906,1.86145996,1.542888503,1.841794228,1.78558219,1.268527141,1.652427761,1.856470488,1.438372762,1.443407546,1.285479837,1.33492125,1.645050558,1.109414344,1.510572109,1.465411665
185.9989,1.370504768,1.506949475,1.490300502,1.862314895,1.535284449,1.833660602,1.780305405,1.263264306,1.648024662,1.846950346,1.432928906,1.444516478,1.292952124,1.339624469,1.641574833,1.108492357,1.506570713,1.469264335
186.9994,1.366438839,1.506184765,1.48992247,1.869622344,1.531947948,1.823005019,1.775711996,1.2646857,1.640708372,1.84060715,1.426519115,1.441798175,1.292224734,1.337051923,1.650567734,1.114194733,1.502515163,1.482674524
187.9985,1.374867019,1.508136789,1.495705692,1.856784813,1.529943864,1.828751568,1.780277225,1.266180615,1.653760198,1.848913206,1.431387876,1.447615798,1.298675067,1.342554145,1.643004327,1.107291449,1.50285814,1.471073672
188.9985,1.366511705,1.507237919,1.493052838,1.858233703,1.525310442,1.832020075,1.776331965,1.266364416,1.649387382,1.846222964,1.432459897,1.449287725,1.288473561,1.339255233,1.640661679,1.109468579,1.502972466,1.464439435
189.9984,1.369091165,1.511772519,1.500427773,1.858292199,1.525212149,1.827060853,1.771921729,1.268741576,1.645686841,1.854368569,1.437401243,1.44615997,1.292284849,1.339424718,1.644075252,1.107283701,1.500258737,1.466004891
190.999,1.373749739,1.505621294,1.499340103,1.850692273,1.529190284,1.829651819,1.766736531,1.270818527,1.648309319,1.841864022,1.433297413,1.451414598,1.289651814,1.329443241,1.636162838,1.111614718,1.497791711,1.471360398
191.9981,1.365530441,1.504527892,1.494962893,1.863228326,1.531773205,1.828535132,1.772467725,1.270745007,1.646643773,1.845607899,1.439556451,1.455099662,1.289249044,1.342850744,1.641723042,1.108050733,1.498242996,1.470292592
192.9993,1.371515178,1.510692533,1.503073995,1.85880516,1.541373153,1.82729611,1.778135513,1.271480211,1.648515241,1.8585938,1.431683799,1.4479172,1.285137182,1.335926056,1.646656945,1.110282097,1.501299702,1.47496589
193.9994,1.369654663,1.503836969,1.498584039,1.859651096,1.535180695,1.816505646,1.773637212,1.270334518,1.649811339,1.848816935,1.436122635,1.456600984,1.296601101,1.347305788,1.637711854,1.108081724,1.503050688,1.4656918
194.9988,1.369392345,1.507083635,1.503670887,1.850953253,1.533840088,1.812835634,1.773369498,1.267252788,1.650089939,1.850795841,1.432632984,1.443509909,1.292970159,1.331961309,1.634594698,1.11181616,1.500342977,1.475720604
195.9985,1.372559592,1.510471169,1.510866754,1.849648352,1.552802442,1.828036386,1.775581662,1.273826737,1.660283082,1.865049312,1.443587696,1.453086525,1.28858778,1.3341283,1.637836158,1.106787842,1.505072446,1.46422851
196.9995,1.365991926,1.508693552,1.501920003,1.849364873,1.543202494,1.810737139,1.768536555,1.266266389,1.643342963,1.850795841,1.439299613,1.44815036,1.280448217,1.332542402,1.636602682,1.109034702,1.509615385,1.462481791
197.9982,1.370839952,1.50753307,1.50880416,1.856190858,1.544447539,1.819328733,1.767296617,1.268024752,1.643282398,1.854678775,1.442979101,1.4526657,1.288798182,1.341833832,1.63873497,1.108066228,1.503014586,1.468997383
198.9993,1.373108517,1.507888594,1.507583847,1.849085894,1.555216081,1.820043915,1.782986068,1.270242617,1.651997747,1.863402007,1.437842335,1.449026131,1.289483492,1.347802138,1.644099156,1.109174163,1.505601954,1.480281848
199.9993,1.36899401,1.506828732,1.501873578,1.837868241,1.542536286,1.819425972,1.770329535,1.268741576,1.645783745,1.851539268,1.441800995,1.453228696,1.290307067,1.341991211,1.635101475,1.108964972,1.503495956,1.475872206
200.9986,1.37252073,1.510819984,1.503790265,1.84741652,1.552564901,1.819309912,1.780812653,1.271713025,1.64827298,1.859834628,1.449841151,1.45408172,1.289573665,1.347541857,1.635201874,1.106377209,1.49995788,1.478650478
201.9989,1.366968332,1.512329282,1.502921456,1.84728153,1.546446163,1.813908407,1.774856016,1.272987379,1.642331522,1.853571658,1.439539701,1.455742273,1.283447952,1.342015423,1.627251213,1.106237749,1.508267546,1.456987865
202.9994,1.370295885,1.511598111,1.501873578,1.837148295,1.541594312,1.81403074,1.770269651,1.275719887,1.644657231,1.854887363,1.434603939,1.452261935,1.291094573,1.350132562,1.629947649,1.107399918,1.513682969,1.462824544
203.9996,1.366336826,1.514180686,1.495818439,1.833143598,1.553504145,1.822769762,1.774757384,1.277931626,1.653760198,1.862198618,1.44086856,1.452932981,1.295482963,1.351548975,1.639122224,1.108910738,1.510120824,1.471498817
204.9986,1.370577634,1.517796292,1.500626737,1.82979585,1.557231087,1.820489335,1.782239287,1.281374832,1.663002465,1.864915602,1.440326966,1.456578237,1.302101618,1.348159268,1.629603423,1.106849825,1.516498989,1.459581578
205.9988,1.369581797,1.519278757,1.502012853,1.830916266,1.554882977,1.81163739,1.765792486,1.274672222,1.659744051,1.868338575,1.452108028,1.452910233,1.300334239,1.351536869,1.633409031,1.107609108,1.519868586,1.459581578
206.9988,1.371316011,1.522116236,1.510024473,1.841530964,1.557869991,1.810893977,1.767462177,1.2731528,1.64916329,1.869606144,1.436184053,1.442668259,1.297232308,1.344805879,1.627700619,1.10876353,1.519976894,1.462412582
207.9989,1.369202893,1.517682256,1.500242073,1.837490269,1.554705503,1.825693225,1.7698399,1.272393089,1.650883345,1.863904756,1.44135432,1.449048878,1.292753745,1.331271261,1.626873521,1.105137562,1.520386059,1.456951613
208.9994,1.370621354,1.515730232,1.499804352,1.841130495,1.548794273,1.81185069,1.769455942,1.271523098,1.646207703,1.862262799,1.440410718,1.458818846,1.296799481,1.33917049,1.628776325,1.106322975,1.524122701,1.455241146
209.9987,1.368211914,1.522411387,1.499373263,1.843231836,1.557831766,1.82194793,1.779083079,1.275358412,1.652670022,1.881452838,1.440075711,1.452102704,1.3046024,1.342965752,1.63387278,1.110142637,1.513039135,1.463421065
210.9994,1.364811495,1.52103625,1.501833785,1.840950508,1.552119852,1.806913425,1.770392941,1.27630805,1.645929102,1.872627987,1.447646858,1.465290455,1.302420227,1.350356525,1.629421748,1.106516669,1.513640849,1.454436996
211.9981,1.371908655,1.520197751,1.502443942,1.832473148,1.557719821,1.817195734,1.7711362,1.277073888,1.649454004,1.886924245,1.438875271,1.458164861,1.301229952,1.346518892,1.631152439,1.110328584,1.514314768,1.454486432
212.9989,1.367250081,1.515341168,1.4986172,1.840757023,1.555753962,1.813237139,1.767324797,1.276448965,1.647098013,1.887860214,1.427909392,1.458289971,1.293541251,1.342166749,1.633146081,1.106222253,1.516378646,1.462020394
213.9989,1.377150158,1.516823634,1.509175559,1.828724931,1.553411312,1.821386449,1.767655917,1.281307438,1.644245386,1.8962358,1.434380601,1.458676675,1.291214803,1.344109778,1.622594602,1.103006919,1.514200443,1.448758511
214.9992,1.371223714,1.517252945,1.505859492,1.843258834,1.563824907,1.825602258,1.766792891,1.278801617,1.650635027,1.889651926,1.43191272,1.461901106,1.291034458,1.340042129,1.633538116,1.109352362,1.519321026,1.465494058
215.9983,1.374298664,1.520808178,1.506582394,1.838358704,1.56694844,1.831568381,1.764048823,1.281570886,1.652548891,1.885779689,1.435106448,1.464647843,1.291473297,1.342124378,1.630033705,1.108252175,1.524056513,1.449846091
216.9986,1.381410397,1.518017655,1.512730384,1.834520494,1.56444743,1.82858532,1.762889903,1.282391864,1.657309325,1.887384207,1.442772514,1.466939634,1.292417101,1.345520138,1.636325389,1.10963903,1.51821989,1.464373521
217.9989,1.375610254,1.520378867,1.507053276,1.838696178,1.570260367,1.826483689,1.761132149,1.283206715,1.648024662,1.887619537,1.439824457,1.463919929,1.2998954,1.349587787,1.630588292,1.108593078,1.517455714,1.457989757
218.9996,1.378617195,1.520734391,1.509095974,1.834381004,1.573151819,1.83357591,1.766201103,1.28655802,1.655128974,1.894481527,1.43997521,1.466985129,1.298380504,1.351839522,1.623584252,1.108887494,1.521998652,1.456071662
219.9991,1.376518651,1.52000322,1.51038924,1.834623986,1.574200277,1.827879548,1.766877433,1.278170567,1.654626282,1.885084398,1.4377865,1.463482044,1.301031572,1.351845575,1.632476753,1.108329653,1.513893569,1.463361742
220.9983,1.371204283,1.522921195,1.507809339,1.845049699,1.580531983,1.835307403,1.771918206,1.279610342,1.656824803,1.892630982,1.437579913,1.460007393,1.295422848,1.347281576,1.629780317,1.104331792,1.518159719,1.468153685
221.9983,1.372525588,1.519164721,1.505720217,1.84807347,1.57709446,1.83477729,1.770378851,1.275854675,1.65187056,1.883939841,1.444776969,1.465131224,1.298975641,1.347953464,1.628690268,1.105339005,1.51275633,1.458464337
222.9991,1.376984994,1.519305589,1.512962509,1.840694028,1.579401614,1.837173777,1.770463392,1.277753952,1.657836243,1.895829322,1.432197475,1.462338992,1.301374228,1.346960764,1.63204169,1.10363449,1.517660297,1.464330677
223.9993,1.375935722,1.516347366,1.510621365,1.835136947,1.57740026,1.840702635,1.770678268,1.282391864,1.6554318,1.894818475,1.436519059,1.460661378,1.301097699,1.354539181,1.62572132,1.108360644,1.515415904,1.463915419
224.9994,1.382041903,1.523363922,1.513380333,1.834875967,1.570394155,1.82944793,1.7648731,1.278856758,1.651337585,1.893759493,1.432962407,1.456333703,1.300472503,1.349787538,1.629407406,1.107260458,1.521721864,1.464126344
225.9991,1.374755291,1.517950576,1.512431938,1.823109355,1.575314264,1.826555834,1.760212762,1.279322387,1.651888729,1.885704811,1.43089095,1.45467315,1.298693101,1.355652942,1.627571534,1.107756316,1.520494368,1.461707303
226.9994,1.376975279,1.523397462,1.514905724,1.834102025,1.574951127,1.836913425,1.759339169,1.281368705,1.651198285,1.886095244,1.417641443,1.452341551,1.295567124,1.358037844,1.6277054,1.108732538,1.519194666,1.457548134
227.9981,1.379972505,1.527697282,1.51880542,1.838975157,1.57089108,1.837528231,1.761325889,1.284297267,1.65754553,1.900380806,1.434922195,1.458056811,1.307776469,1.357365955,1.641775632,1.110816695,1.524369404,1.473552036
228.999,1.3783063,1.525886125,1.515840855,1.831105252,1.574500617,1.838660602,1.765271149,1.289253768,1.660416326,1.893786235,1.432392896,1.455076914,1.302438262,1.351070784,1.638648914,1.109793986,1.521715847,1.468618378
229.9984,1.375687978,1.527174059,1.514070075,1.826056633,1.572750456,1.830699498,1.747542139,1.282177429,1.648321432,1.884816978,1.433822257,1.453166141,1.310337365,1.35689987,1.626428896,1.105191797,1.528015789,1.467296804
230.9987,1.374760149,1.526919155,1.513459919,1.845720148,1.573831679,1.833980552,1.749387956,1.284860924,1.649375269,1.891427593,1.428607322,1.458557252,1.303929112,1.360380374,1.633256042,1.105246031,1.525789448,1.464268059
231.9982,1.374760149,1.52557085,1.509460741,1.837040303,1.577263742,1.843146173,1.751934762,1.282428624,1.65588604,1.901776737,1.424609578,1.460758054,1.310427537,1.368231178,1.630535701,1.1053545,1.527871378,1.46425158
232.9991,1.382061334,1.529065711,1.522002109,1.830920765,1.580805019,1.84378921,1.7640453,1.284334028,1.663486988,1.901894401,1.426870872,1.459086127,1.310842331,1.372492524,1.633213014,1.106082793,1.52534418,1.464241693
233.9986,1.375780275,1.525154955,1.519853297,1.819928095,1.576171598,1.834096612,1.764203815,1.28897194,1.656243376,1.899161372,1.422789376,1.460251926,1.306147354,1.366820818,1.62341692,1.105369996,1.530302301,1.457347096
234.9985,1.369168889,1.531118356,1.521736824,1.830704782,1.589162653,1.844109159,1.778554696,1.290142139,1.669301258,1.910548103,1.427133294,1.460866104,1.310451583,1.355525828,1.635904669,1.105594682,1.525548763,1.46512494
235.9989,1.377373614,1.532459953,1.527599631,1.830416804,1.582385898,1.840737139,1.759962661,1.285920843,1.653305958,1.900519864,1.42521259,1.455708152,1.306147354,1.361367021,1.633475964,1.105067832,1.522594349,1.458754359
236.999,1.370718508,1.534479058,1.52184957,1.831006259,1.585028887,1.835175659,1.771629357,1.290068619,1.664680124,1.913003016,1.425033919,1.464494299,1.311635848,1.357020931,1.63518275,1.108112715,1.527690864,1.460833943
237.9994,1.378476321,1.534894953,1.522008741,1.834264013,1.58497155,1.84108532,1.761808479,1.287299351,1.661464106,1.900140128,1.423202551,1.456993375,1.305299733,1.351046572,1.637678388,1.1034253,1.52265452,1.464248285
238.9987,1.381269522,1.539516757,1.524044807,1.838120222,1.583737427,1.853466123,1.763044895,1.28358657,1.655649836,1.89517147,1.437239323,1.465950127,1.320088008,1.357347796,1.634934143,1.107260458,1.525332146,1.461028389
239.9988,1.381454116,1.539100861,1.527559838,1.840959508,1.588119655,1.860966123,1.766190535,1.282238696,1.662402868,1.890753696,1.419338809,1.462338992,1.315158583,1.351772938,1.633528554,1.105153058,1.52572326,1.454796227
240.9994,1.387210539,1.537028093,1.526253308,1.834893966,1.589757872,1.855520703,1.768945171,1.289020953,1.660810001,1.89430503,1.43637389,1.473234951,1.31844687,1.36025326,1.631013793,1.10581162,1.531571917,1.456275995
241.9979,1.382969731,1.535988355,1.521876098,1.833148097,1.590921005,1.847757215,1.761709847,1.287060409,1.656503807,1.90483067,1.440561471,1.465842077,1.312104744,1.355422927,1.631329333,1.104262061,1.531469625,1.456592382
242.9988,1.378796932,1.538242239,1.521895995,1.837697254,1.590904623,1.854551443,1.765817144,1.287568925,1.658302596,1.90836061,1.42969051,1.464915124,1.314473273,1.360725397,1.63831903,1.104912876,1.531222923,1.462455426
243.9992,1.378432601,1.53853739,1.519203348,1.835658908,1.595434291,1.864438519,1.774176163,1.292464159,1.671972188,1.910211155,1.433414665,1.457510876,1.312549595,1.356966454,1.635063228,1.1065864,1.535422884,1.45689229
244.9991,1.378369451,1.539006949,1.516656608,1.846975553,1.586549698,1.850423463,1.753312081,1.288101948,1.65813907,1.911451982,1.433732922,1.463010037,1.314803905,1.359744803,1.625640045,1.103293587,1.526824396,1.454123905
245.9979,1.384869108,1.536343878,1.520861382,1.838025729,1.583120365,1.854344417,1.755629921,1.288788139,1.652954679,1.913896198,1.438026588,1.467980324,1.31671556,1.363630861,1.634953267,1.105524952,1.529255319,1.451503826
246.9989,1.383270911,1.536162763,1.517154018,1.847466016,1.594841803,1.852446675,1.758743858,1.291949516,1.657963431,1.923758638,1.44052797,1.458369587,1.314659629,1.358715785,1.636411446,1.105083328,1.530771638,1.456737392
247.9978,1.382046761,1.535585876,1.516935158,1.83814722,1.5923954,1.854146801,1.76072001,1.293830413,1.660028708,1.919132276,1.437847918,1.468185049,1.322396422,1.366493953,1.635727775,1.105207292,1.526914653,1.45209046
248.9988,1.380166815,1.538664842,1.520775164,1.838457696,1.599789216,1.859422836,1.763763496,1.294927092,1.662620904,1.928278031,1.443866868,1.462833746,1.320340491,1.355422927,1.637993928,1.103371065,1.52509146,1.450080085
249.9979,1.376834404,1.534948617,1.519176819,1.839726601,1.594183786,1.854165621,1.752202476,1.290681289,1.65141632,1.912521661,1.436010966,1.465262021,1.313830043,1.361130952,1.638500705,1.101550334,1.524303216,1.448956253
250.999,1.379472158,1.535646248,1.525384498,1.830718281,1.593935323,1.850454831,1.756116033,1.293952947,1.666303275,1.919159018,1.451706021,1.470454093,1.320003847,1.357995472,1.640154902,1.102363852,1.52368345,1.450581031
251.9984,1.381973894,1.537645228,1.529257665,1.83721579,1.596542818,1.858510038,1.758366944,1.292880774,1.65827837,1.912901397,1.44411254,1.470613324,1.31619256,1.351185792,1.631434513,1.105501708,1.529838981,1.443172306
252.9978,1.382051618,1.535874319,1.52598139,1.836540841,1.599123008,1.867939147,1.767835567,1.298057836,1.66515859,1.914874955,1.451694854,1.481060024,1.329898766,1.358007578,1.631219372,1.103557012,1.534345817,1.451912493
253.9988,1.374012057,1.535290724,1.522201073,1.846327602,1.601998078,1.859240903,1.762660937,1.298578606,1.667175415,1.909071947,1.444335878,1.471238875,1.326394065,1.358346549,1.630095857,1.103402056,1.533136372,1.45575857
254.9978,1.373579718,1.534217446,1.522121487,1.853932028,1.60012232,1.859338143,1.774873628,1.303069477,1.673062364,1.92325054,1.454469824,1.480764309,1.326538341,1.346954711,1.627356393,1.104153592,1.535753827,1.447809351
255.9983,1.386603322,1.539355765,1.534656223,1.854512484,1.597249981,1.865661857,1.7764623,1.301880897,1.672153884,1.921512312,1.432716735,1.474423498,1.320081997,1.35201506,1.634843306,1.103417552,1.532492539,1.455837667
256.9992,1.385505472,1.537611688,1.529197976,1.845337677,1.604597381,1.855370138,1.775606319,1.302266879,1.672414315,1.922394797,1.445781989,1.475930507,1.327692548,1.356754597,1.636879975,1.10303791,1.527474247,1.456829672
257.999,1.385068276,1.540449167,1.530199428,1.848959904,1.596466367,1.853136763,1.771030523,1.302542581,1.672705029,1.922073893,1.447144349,1.47424152,1.336042513,1.36158493,1.637883967,1.104703686,1.535103976,1.445093697
258.9994,1.381823305,1.53760498,1.533946585,1.84940987,1.600436312,1.859548306,1.773866178,1.301292734,1.670342981,1.93157799,1.441879163,1.478847849,1.336379157,1.364012203,1.642851337,1.107554874,1.52525994,1.4537449
259.998,1.387001656,1.533171,1.527553206,1.860321546,1.596116881,1.856031995,1.766440636,1.296985664,1.662633017,1.917709604,1.446658589,1.473712645,1.334082766,1.364387492,1.648435446,1.107028024,1.531535814,1.455722318
260.9986,1.388449263,1.53070246,1.530955492,1.86927137,1.594312113,1.857898369,1.77760713,1.301354001,1.67041566,1.926133325,1.436077967,1.483948932,1.326309905,1.356881711,1.647531853,1.108910738,1.532438385,1.460092411
261.9983,1.393170988,1.534847997,1.537508041,1.850552783,1.598019943,1.844683187,1.767920108,1.297163338,1.654480925,1.927256488,1.439199111,1.485205721,1.332694111,1.362886336,1.647182846,1.102565295,1.527390007,1.454575415
262.9986,1.383533229,1.538490434,1.530351967,1.839564613,1.600411738,1.850047051,1.773686528,1.298278397,1.668780396,1.934733543,1.450326911,1.474781768,1.333716065,1.366536324,1.645547773,1.105687655,1.526607779,1.459074041
263.9986,1.389007904,1.538040999,1.531346788,1.844113769,1.606126383,1.858259097,1.777043521,1.298351918,1.672698972,1.943633271,1.450712168,1.478353095,1.336998341,1.363394792,1.647847393,1.105982072,1.534303697,1.464874467
264.9991,1.38374697,1.530561593,1.526001287,1.854139013,1.607499754,1.856690715,1.772700213,1.298523465,1.666921041,1.940220996,1.449053886,1.476061304,1.341494938,1.359714538,1.64443382,1.108786773,1.53221575,1.459726589
265.9981,1.385957242,1.536444498,1.532049794,1.853734043,1.600619246,1.856427227,1.776684221,1.296716089,1.669046884,1.948136619,1.448919883,1.47911513,1.340719456,1.361754416,1.647995602,1.103192866,1.531674208,1.458935622
266.9987,1.392524908,1.533090504,1.5327528,1.854485486,1.601801492,1.850272898,1.78505733,1.295423355,1.670639751,1.93680872,1.455151004,1.478660184,1.346484478,1.36585233,1.648201181,1.109770743,1.527901463,1.470088259
267.9978,1.382551966,1.536035311,1.526240044,1.868537925,1.610672433,1.853268507,1.776039593,1.295012866,1.6708699,1.9383758,1.45185119,1.474696466,1.340220502,1.361451763,1.644304735,1.104246566,1.537432608,1.460260492
268.9983,1.385738644,1.535277308,1.526644604,1.860101062,1.611600756,1.851301757,1.779558624,1.296440387,1.67160274,1.944761783,1.451538517,1.482584094,1.341074134,1.360785928,1.648559749,1.107857038,1.532119476,1.462610323
269.9982,1.383377782,1.540630283,1.53094886,1.860119061,1.612821227,1.861913425,1.78130581,1.297947555,1.665915657,1.948837259,1.444665301,1.483926185,1.349201674,1.376402794,1.652666555,1.103866924,1.529826947,1.459687041
270.9981,1.38520915,1.536578658,1.530869274,1.862346393,1.619486037,1.861279799,1.774690456,1.295239554,1.667169359,1.941622275,1.450343661,1.485126105,1.343647053,1.371342445,1.650701599,1.103851428,1.532985944,1.452268428
271.9992,1.38006966,1.533318576,1.527738906,1.860069565,1.62398021,1.860439147,1.774764429,1.300373729,1.666824136,1.949537899,1.451432432,1.485291023,1.338194628,1.373000981,1.651045825,1.108624069,1.535543227,1.457393236
272.9979,1.384538782,1.536833561,1.532010001,1.868456932,1.624597272,1.859589084,1.773425859,1.297451293,1.662354416,1.952902039,1.454514492,1.48456311,1.347692789,1.379350629,1.653852222,1.105137562,1.534700828,1.469396162
273.999,1.379083539,1.539697872,1.531180984,1.870319791,1.624097616,1.853782936,1.767617169,1.298541845,1.659962086,1.935279079,1.4557931,1.482191703,1.344584846,1.375894338,1.661511247,1.106353966,1.533966737,1.470042119
274.9984,1.382561681,1.54230728,1.530769792,1.871795679,1.626737874,1.861242158,1.773048946,1.301550055,1.666527366,1.947377147,1.450594916,1.47949046,1.34943011,1.379411159,1.66513518,1.107151988,1.53814263,1.475994147
275.9977,1.385048845,1.548532292,1.533568553,1.870958743,1.629159704,1.860420326,1.76986808,1.300851611,1.664819425,1.954693751,1.45890866,1.475771276,1.336517421,1.371614832,1.660100877,1.106470183,1.535988495,1.476676356
276.9986,1.375819137,1.54290429,1.535591354,1.865856128,1.622109913,1.855065872,1.769265724,1.299779439,1.661203675,1.949003059,1.460287771,1.477386335,1.333830284,1.374411341,1.661052279,1.109507318,1.534273611,1.477506872
277.999,1.37901553,1.543521425,1.542508672,1.866576074,1.620296954,1.859526349,1.784130898,1.301347874,1.668374609,1.945676358,1.457228045,1.478927465,1.348931156,1.386929046,1.66100447,1.106462435,1.521655675,1.47823522
278.9991,1.383742112,1.543353726,1.538595712,1.862170906,1.628771993,1.854789837,1.773362453,1.299172895,1.663050917,1.933594335,1.44959548,1.476231909,1.339210571,1.383787514,1.66194631,1.109189658,1.537414557,1.475812884
279.998,1.380832325,1.541643189,1.53685146,1.860807509,1.621200703,1.858845671,1.778248234,1.29701017,1.665643113,1.927197655,1.453559723,1.478904717,1.350019237,1.38735276,1.667845959,1.106485678,1.532119476,1.483636867
280.9989,1.379889924,1.54427272,1.54035986,1.857059292,1.625596584,1.859300502,1.780900717,1.304141649,1.670670034,1.936824765,1.460606027,1.483658904,1.350872869,1.390342966,1.670217293,1.107903524,1.532245836,1.485844984
281.9985,1.37583371,1.543065282,1.540545559,1.860821008,1.630235466,1.861314304,1.779364884,1.299834579,1.672044867,1.939771731,1.452789208,1.484017174,1.346262053,1.394816169,1.667477829,1.108042985,1.534532348,1.48121453
282.9979,1.370359036,1.545044139,1.532858915,1.864933698,1.637495495,1.869952949,1.778938655,1.298112976,1.673449982,1.930754338,1.455123087,1.485473002,1.356150961,1.397297919,1.665852318,1.102673764,1.532203716,1.474857132
283.9987,1.373312542,1.546446108,1.533946585,1.862832356,1.637992421,1.864962359,1.777515543,1.29697341,1.673456039,1.935450228,1.453777478,1.478267793,1.344572823,1.380089101,1.66027299,1.106501174,1.527865361,1.477368452
284.9993,1.375819137,1.543152486,1.541553644,1.863331818,1.634795168,1.861351945,1.77265442,1.297653474,1.684188213,1.940333312,1.450511164,1.483056101,1.343647053,1.391947024,1.669753544,1.107492891,1.53310027,1.486141596
285.9982,1.37654294,1.548009069,1.536513221,1.863129334,1.632935793,1.861985571,1.767934199,1.297298125,1.674328179,1.940477719,1.452666373,1.485979129,1.348594513,1.386680871,1.678301819,1.108391635,1.531192837,1.489503207
286.9986,1.376013446,1.546459524,1.540691466,1.871534699,1.640062034,1.867183187,1.775518256,1.29753094,1.680148506,1.942445928,1.46027102,1.486388581,1.349123524,1.385591322,1.669815696,1.105191797,1.532787378,1.486655725
287.9978,1.378150852,1.547217527,1.537461617,1.872110656,1.632578116,1.863873902,1.766761189,1.294320549,1.662517942,1.932064694,1.455078419,1.487696551,1.346063674,1.385409731,1.666449932,1.106563156,1.535230336,1.484335555
288.9977,1.379049534,1.551168531,1.541593437,1.883458799,1.638587639,1.873353199,1.769181183,1.297347139,1.674521988,1.941600881,1.457646803,1.481151014,1.353151225,1.3826677,1.667296154,1.101976462,1.537149803,1.47146586
289.9986,1.376275764,1.552194854,1.542203593,1.873825026,1.633320774,1.870699498,1.768899378,1.294032594,1.670155229,1.927994566,1.44943356,1.476379766,1.349394041,1.390094791,1.674056367,1.105935585,1.540639742,1.479635891
290.999,1.373715735,1.550397113,1.535783686,1.864542227,1.638702314,1.874278545,1.775493598,1.297867908,1.670997087,1.934979569,1.459003579,1.485313771,1.352916777,1.391517257,1.678665169,1.105261527,1.535801964,1.485423134
291.9991,1.369309764,1.549142719,1.536068868,1.881618438,1.6401849,1.879196989,1.77915353,1.29701017,1.674643119,1.94150461,1.455335258,1.482470357,1.352249501,1.387619094,1.677914565,1.106764599,1.535290507,1.485742817
292.9989,1.374575555,1.549592154,1.538502862,1.872074658,1.631600647,1.878431619,1.777941772,1.299620145,1.671893453,1.940370751,1.465843295,1.488344849,1.364669248,1.39132356,1.675399804,1.105222788,1.539328006,1.485726339
293.9983,1.37634863,1.550927044,1.541195509,1.887315008,1.628728307,1.872361982,1.775652113,1.297837275,1.671051596,1.933225296,1.450946673,1.482720578,1.355940558,1.380991005,1.676451605,1.102565295,1.541403918,1.484253162
294.9987,1.365749039,1.550108669,1.528362327,1.876497824,1.62632559,1.868102258,1.775134297,1.297175591,1.665546208,1.925839163,1.458344733,1.486206602,1.364338615,1.389416849,1.685693113,1.108616322,1.54236666,1.489476841