"time","Norm_cond1_file1_cell0","Norm_cond1_file1_cell1","Norm_cond1_file2_cell0","Norm_cond1_file2_cell1","Norm_cond1_file3_cell0","Norm_cond1_file3_cell1","Norm_cond1_file4_cell0","Norm_cond1_file4_cell1","Norm_cond1_file5_cell0","Norm_cond1_file5_cell1","Norm_cond1_file6_cell0","Norm_cond1_file6_cell1","Norm_cond1_file7_cell0","Norm_cond1_file7_cell1","Norm_cond1_file8_cell0","Norm_cond1_file8_cell1","Norm_cond1_file9_cell0","Norm_cond1_file9_cell1","Norm_cond1_file10_cell0","Norm_cond1_file10_cell1","Norm_cond1_file11_cell0","Norm_cond1_file11_cell1","Norm_cond1_file12_cell0","Norm_cond1_file12_cell1","Norm_cond1_file13_cell0","Norm_cond1_file13_cell1","Norm_cond1_file14_cell0","Norm_cond1_file14_cell1"
-2.334,1.06192218798151,1.03280944448468,1.0031245660325,0.965493443754314,1.03176014736708,1.10802728716942,1.00465641952984,0.956754195993503,1.05211700064641,1.02946127946128,1.10374209416725,0.917039355992845,0.973231912669841,1.03231451965748,1.13628659476117,1.00701207635372,1.04570545374255,0.96380150059234,1.01729188078109,0.956464296948726,1.04126134889754,1.00591380427738,0.951335311572701,0.977813634530053,1.02331672415996,1.0750593824228,1.09760325595418,1.05407341092211
-1.332,0.99711093990755,1.01593394654885,0.960005554784057,0.972739820565908,1.03055326176713,1.10055135034109,0.975406871609403,1.01333243096914,1.02319004524887,1.0181444070333,1.00588545326774,0.958519677996421,1.01010335617234,0.998312394524658,1.14383667180277,0.968737826256329,1.02362552439832,0.893313149927603,1.00768242548818,0.951745832022649,0.993677042801557,0.919961114711602,0.935548961424333,0.954215409439291,1.0190366679443,0.993729216152019,1.06421465179379,0.970008952551476
-0.332,1,1,1,1,1,1,1,1,1,1,1,1,1,1,1,1,1,1,1,1,1,1,1,1,1,1,1,1
0,0.255681818181818,0.130078945462447,0.102485765865852,0.113733609385784,0.118084227910817,0.117839454256611,0.167857142857143,0.167907417433677,0.128555268261151,0.115787504676393,0.163035839775122,0.20270572450805,0.142492161189176,0.230951934495906,0.220647149460708,0.204129333852745,0.249172002649591,0.197248914045018,0.0908530318602262,0.195029883611199,0.110854409857328,0.166072585871678,0.158575667655786,0.160649455425575,0.102785230611984,0.147458432304037,0.144859813084113,0.192837958818264
1.001,0.324537750385207,0.224813500398349,0.199416747673934,0.193098688750862,0.195960109254907,0.286515278945893,0.32744122965642,0.26448294531673,0.212831286360698,0.252338196782642,0.303759662684469,0.3141771019678,0.25467425386134,0.316707294205888,0.336286594761172,0.347584729255941,0.400971516891147,0.2597077793866,0.139979445015416,0.307077697389116,0.137848573281453,0.28402462734932,0.245103857566765,0.261597418313837,0.168646991184362,0.297387173396674,0.264244799517636,0.309310653536258
2.001,0.389541602465331,0.237488230607663,0.23725871406749,0.247481021394065,0.222384551864321,0.399962620315858,0.413652802893309,0.361532214401733,0.297107304460245,0.326225215114104,0.36410751932537,0.346377459749553,0.351469051213564,0.365522845177824,0.394067796610169,0.380989481885469,0.507396776330317,0.348492826115572,0.172250770811922,0.356967599874174,0.161559662775616,0.353289047310435,0.270385756676557,0.308087938684953,0.22115753162131,0.361520190023753,0.328534820621044,0.345747538048345
3,0.406490755007704,0.256174404287681,0.269754200805444,0.287301587301587,0.244426094137077,0.481169984113634,0.481645569620253,0.413305360043314,0.329347123464771,0.414609053497943,0.448436401967673,0.354203935599283,0.398676111949831,0.44096506031627,0.496764252696455,0.463673548889754,0.579266946345772,0.349216796103725,0.209121274409044,0.367599874174268,0.173151750972763,0.423039533376539,0.332106824925816,0.337837837837837,0.238533282228185,0.448171021377672,0.399984926138077,0.408236347358997
4,0.435573959938366,0.312232925327732,0.299055686710179,0.345065562456867,0.261640094010036,0.551443790299971,0.556419529837252,0.469206821873309,0.38615061409179,0.454077815188926,0.45695713281799,0.363819320214668,0.443386366275694,0.477029814363398,0.527272727272727,0.515290222049084,0.623647604327667,0.371396603922601,0.22073484069887,0.407423718150362,0.183365758754864,0.493681140635127,0.325103857566766,0.339854780153288,0.242941101315957,0.527220902612826,0.434428700633102,0.447000895255147
5.001,0.494318181818181,0.363366408343594,0.342799611165116,0.355348516218082,0.291177031061424,0.610223343612746,0.604701627486437,0.501691932864104,0.414915966386555,0.492517770295548,0.524947294448348,0.415921288014311,0.46458018813146,0.497406087880493,0.53482280431433,0.537592520451889,0.672002649591522,0.465775964196394,0.248715313463515,0.441145014155395,0.215021076523995,0.53653596889177,0.356913946587536,0.40601048810004,0.274817937907245,0.609501187648457,0.444151341573711,0.493375111906894
6.001,0.492777349768876,0.367205040921273,0.369948618247466,0.372739820565907,0.312392809502636,0.56396598448743,0.627667269439421,0.570181375203032,0.479880413703944,0.528806584362141,0.565794096978215,0.49362701252236,0.514400185808849,0.535783486467904,0.538906009244992,0.519575379820803,0.741554427025834,0.470317230485718,0.278031860226105,0.498899024850582,0.234516861219196,0.546176279974077,0.36439169139466,0.421843485276322,0.287402580810017,0.593824228028504,0.505954175459753,0.493643688451209
7,0.518104776579352,0.397189831245021,0.3920288848771,0.380124223602484,0.327891761417772,0.652555835903187,0.679882459312839,0.547577152138603,0.452973497091145,0.524691358024691,0.593640196767394,0.490720035778176,0.521832539774706,0.541971373210825,0.582203389830508,0.587164004674719,0.733164053875029,0.466631565091484,0.294938335046249,0.539414910349166,0.245460440985733,0.536779001944265,0.369732937685459,0.403489310205729,0.306439248754312,0.638384798099764,0.536855592402774,0.495881826320501
8.001,0.528216486902928,0.401970015209676,0.415497847521177,0.412629399585921,0.370577399479134,0.666853565087375,0.69005424954792,0.590146182999459,0.506464124111183,0.557800224466891,0.60172171468728,0.480881037567084,0.529381024271281,0.56097256078505,0.591679506933745,0.546649785742111,0.847538087878119,0.487165986573648,0.309892086330935,0.517835797420572,0.258065823605707,0.554682436811406,0.394658753709199,0.443223073820088,0.357480516162003,0.709738717339668,0.542809767862526,0.538137869292748
9,0.563655624036981,0.46179474179764,0.46958755728371,0.462456866804693,0.380740646636601,0.673675357443229,0.735533453887885,0.60740389821332,0.542824822236587,0.590815563037784,0.598032326071679,0.457066189624328,0.586226919057019,0.625976623538971,0.638058551617874,0.580736268017141,0.819938176197838,0.504146373568514,0.33365878725591,0.561056936143442,0.277156290531777,0.62248865845755,0.41127596439169,0.464300121016539,0.35320045994634,0.694726840855107,0.580042206813385,0.572515666965085
10,0.628177966101695,0.459114941696241,0.445979725038189,0.471083505866114,0.385187067267992,0.669002896925521,0.754339963833635,0.675554953979426,0.577569489334195,0.575570520014964,0.642744202389318,0.522025939177101,0.599175473231913,0.617726107881743,0.743605546995377,0.64744838332684,0.873813203797748,0.514479399763064,0.372841726618705,0.560176156023907,0.299408236057069,0.669232015554115,0.454718100890208,0.489511899959661,0.393254120352626,0.718669833729217,0.577630388905638,0.616204118173679
11.001,0.602369029275808,0.473962482798581,0.469795861685877,0.530020703933747,0.412373753414216,0.773292215680777,0.748236889692586,0.68374390904169,0.601244343891403,0.618125701459034,0.609627547434996,0.520684257602862,0.630588781790732,0.596724795299706,0.74784283513097,0.646474483833267,0.848421285051887,0.549690667368698,0.390287769784173,0.579427492922302,0.305244811932555,0.705767984445885,0.449258160237388,0.521177894312222,0.397598058004344,0.787838479809977,0.614787458546879,0.587197851387645
12,0.656490755007703,0.502933294705585,0.503471740036106,0.506142167011733,0.410468144572191,0.703392206335856,0.743896925858951,0.678803465078506,0.638251454427924,0.59670781893004,0.662157413914265,0.592687835420394,0.665195679944257,0.660728795549722,0.717103235747303,0.688644331904947,0.892029145506735,0.56087929445834,0.418216855087358,0.598112614029569,0.324943255512322,0.73801036941024,0.505163204747775,0.545280354981847,0.41842340615817,0.811401425178149,0.661667169128732,0.596508504923904
13,0.632896764252697,0.499167089157675,0.50458269684766,0.538233264320221,0.415740329035127,0.741706382581066,0.728526220614828,0.725297780184082,0.673400129282482,0.617658062102506,0.677617709065356,0.593246869409661,0.641737312739519,0.687230451903243,0.735978428351309,0.696532917802883,0.832523735924045,0.590759510333027,0.412641315519014,0.607172066687638,0.337832360570687,0.762475696694751,0.488783382789319,0.563130294473579,0.430752523316724,0.81871733966746,0.675158275550196,0.625067144136079
14,0.696937596302003,0.54320272325632,0.528329398694625,0.520082815734989,0.440767325160389,0.75609756097561,0.788652802893309,0.726380617217108,0.648351648351648,0.64272353161242,0.634311314125088,0.629472271914132,0.631053303913598,0.704106506656666,0.726810477657936,0.68543046357616,0.884080370942815,0.573910754245097,0.437178828365879,0.652720981440705,0.353923476005188,0.699287103046015,0.501008902077152,0.55264219443324,0.444806439248755,0.798479809976247,0.714274947241482,0.684064458370635
15,0.713212634822805,0.541102339393062,0.519927787807249,0.58488612836439,0.449152004065298,0.721054107092794,0.791048824593128,0.722252301028695,0.633726567550097,0.697904975682753,0.63343288826423,0.63685152057245,0.640808268493787,0.70866929183074,0.789907550077041,0.723899493572263,0.917200264959152,0.558575753586942,0.447199383350463,0.626360490720353,0.362354085603113,0.696613739468568,0.534955489614244,0.601855586930214,0.445253609301137,0.777672209026129,0.667319867350015,0.643330349149507
16.001,0.723035439137134,0.584051568045196,0.535481183169005,0.535472739820566,0.485549132947977,0.840762545556489,0.774864376130199,0.763535462912832,0.644634776987719,0.725776281331837,0.703092059030218,0.658765652951699,0.651143885727557,0.731483217701107,0.796379044684129,0.733054148811843,0.922278648708325,0.617546399894696,0.488643371017472,0.638313935199749,0.392023346303502,0.732582631237849,0.553827893175074,0.628176684146833,0.468378689152932,0.8258432304038,0.677042508290624,0.704386750223814
17,0.722746533127889,0.560802491489824,0.55853353700875,0.571911663216012,0.487454741790001,0.790954116437715,0.783996383363472,0.756090958310774,0.671945701357465,0.687897493453048,0.718552354181308,0.656305903398927,0.682382998490303,0.762485155322209,0.853929121725732,0.785060381768602,0.968315301391036,0.622811636172174,0.483530318602261,0.641270839886757,0.38128242542153,0.79552819183409,0.553946587537092,0.581282775312626,0.498275201226524,0.909168646080761,0.69339764847754,0.672336615935541
18,0.754237288135593,0.572970232490766,0.526315789473684,0.609385783298827,0.483897605284888,0.805251845621904,0.780877034358047,0.800148890092041,0.687621202327084,0.737934904601571,0.744817287420942,0.647584973166369,0.683544303797468,0.778548659291206,0.888828967642527,0.826353720296065,0.9372930006624,0.662959062787944,0.511716341212744,0.660144699591067,0.403291180285344,0.785968891769281,0.543145400593471,0.556676079064139,0.523316724159959,0.919239904988124,0.689704552306302,0.663563115487914
19,0.706760400616333,0.599188817266604,0.539647271212332,0.602346445824708,0.528869973956678,0.817213344547238,0.823146473779385,0.755955603681646,0.66281512605042,0.674523007856341,0.782238229093465,0.672853309481216,0.723202880037161,0.740921307581724,0.870261941448382,0.794312426957538,0.896113932435417,0.707581940239569,0.530524152106886,0.68474363007235,0.415612840466926,0.79949773169151,0.533175074183977,0.557482855990319,0.526638558834803,0.831163895486937,0.680961712390715,0.6680393912265
20,0.729776579352849,0.653798797711307,0.577975281210943,0.586266390614216,0.520612335641237,0.828614148210446,0.831645569620253,0.817271250676774,0.642372333548804,0.720912832023943,0.818605059732959,0.700581395348838,0.709731738474044,0.756984811550722,0.879892141756549,0.826061550447994,0.939280194303379,0.654534684743978,0.547147995889003,0.694306385655867,0.437702658884566,0.828175631885937,0.548842729970326,0.608713190802743,0.551232911715856,0.823372921615202,0.704476936991257,0.698030438675022
21,0.808936825885979,0.655826754544797,0.570059713928621,0.62912353347136,0.515657752651973,0.807961872722175,0.83883363471971,0.81070655116405,0.697398190045249,0.717919940142162,0.820274068868587,0.739713774597495,0.71321565439554,0.753984624039003,0.871725731895223,0.825185040903779,0.926363435637007,0.638607345004608,0.557553956834533,0.700031456432841,0.432960440985733,0.759154244977317,0.576142433234421,0.628479225494151,0.530471444998084,0.877814726840855,0.772610792885136,0.703581020590868
22.001,0.737384437596302,0.66386615484899,0.607485071517845,0.610904071773637,0.509242202883821,0.816932996916175,0.869755877034358,0.849350297780184,0.701195862960568,0.725308641975308,0.784346451159522,0.846489266547406,0.709151085820462,0.774860928808051,0.862557781201849,0.797428905336968,0.953190549790241,0.675727260760827,0.55693730729702,0.725951557093426,0.429758430609598,0.770414776409592,0.601899109792285,0.672851956434046,0.55225501469273,0.919144893111639,0.691211938498644,0.706624888093107
23,0.786498459167951,0.712247410733686,0.599916678239133,0.626915113871636,0.532935272819666,0.84235118213251,0.877215189873417,0.852057390362751,0.653522947640594,0.76309390198279,0.800333801827126,0.842687835420392,0.731854604575543,0.8267391711982,0.885978428351309,0.739968835216205,0.952086553323031,0.671120179018034,0.568165467625899,0.723120478137779,0.459427691309987,0.806383668178872,0.551454005934718,0.622630092779347,0.56439248754312,0.919144893111639,0.758441362677118,0.736526410026858
24.001,0.727657935285054,0.680162236546679,0.595056242188585,0.646100759144238,0.539033221114146,0.77693673488459,0.866003616636528,0.870330265295073,0.646654815772463,0.791152263374485,0.764757554462404,0.817643112701252,0.759609801416792,0.8085505344084,0.857627118644068,0.752532138683288,0.932877014793554,0.680992497038306,0.565390544707091,0.74941805599245,0.475032425421531,0.816996111471161,0.581364985163204,0.639975796692214,0.548613772837614,0.932446555819479,0.733795598432318,0.741002685765442
25,0.741814329738057,0.683421452886217,0.576864324399388,0.620220841959972,0.556056660102902,0.720026165778898,0.884990958408679,0.860449377368706,0.695054945054944,0.786475869809202,0.766953619114546,0.828152951699463,0.73295784461735,0.826926682917683,0.846687211093991,0.803077522399689,0.893133141973945,0.729564301698039,0.589722507708119,0.686505190311418,0.474383916990921,0.83749189889825,0.584807121661722,0.63695038321904,0.551041267407692,0.949928741092638,0.7363581549593,0.800268576544314
26,0.713116332819723,0.697255015571812,0.600611026246355,0.631608005521049,0.569904084354951,0.838519764507989,0.921338155515371,0.856659447753113,0.669602456367163,0.811634867190422,0.773541813070977,0.758273703041144,0.725525490651491,0.811738233639602,0.890369799691833,0.850798597584728,0.865312431000221,0.692576016848756,0.602209660842755,0.737464611513055,0.498095006485084,0.833765392093325,0.586350148367954,0.642093586123437,0.575699501724799,0.943182897862234,0.792131444075973,0.789167412712623
27,0.744125577812019,0.666328673861086,0.689973614775725,0.656107660455487,0.573588261449533,0.825717222689468,0.903978300180832,0.853072550081213,0.709841628959275,0.784605312383089,0.738229093464512,0.784212880143114,0.726454534897224,0.824551534470904,0.874036979969183,0.807460070120763,0.902517111945242,0.72002106094511,0.604958890030833,0.759861591695502,0.483341439688716,0.84705119896306,0.551454005934718,0.623436869705525,0.577552063370384,0.935961995249407,0.756783237865542,0.781736794986571
28,0.768682588597843,0.679148258129935,0.637966949034856,0.681573498964804,0.574858667344216,0.850294365012614,0.90501808318264,0.816865186789389,0.701276664511957,0.826599326599325,0.798752635277583,0.823792486583185,0.744048310300777,0.86224139008688,0.851386748844376,0.766751071289443,0.869728416869067,0.694747926813216,0.615673175745118,0.771060081786726,0.492988002594034,0.901490602721971,0.597507418397625,0.666801129487696,0.587006515906477,1.01510688836105,0.74449804039795,0.754073410922113
29,0.765697226502312,0.673571376837836,0.680877655881127,0.651966873706004,0.583687988312265,0.830389683207176,0.930424954792043,0.87303735787764,0.717356173238526,0.764309764309763,0.817023893183416,0.821556350626118,0.779119730577169,0.808925557847366,0.90909090909091,0.755940786910791,0.868293221461691,0.721469000921416,0.626670092497431,0.79509279647688,0.489380674448768,0.923606610499028,0.612700296735906,0.689995966115371,0.567969847962183,0.934631828978623,0.750979801025022,0.778424350940017
30,0.818759630200308,0.700876367060187,0.617969726426886,0.67384403036577,0.595883884901226,0.815157461919446,0.919122965641952,0.91520032485111,0.720588235294117,0.781518892630003,0.829585382993676,0.85811717352415,0.804958773661595,0.866054128383025,0.904391371340524,0.719516945851189,0.884411569882977,0.731604580755562,0.62934224049332,0.826360490720353,0.52156290531777,0.968324692158134,0.584807121661722,0.698265429608714,0.604382266513351,1.03838479809976,0.741558637322882,0.813070725156669
31,0.778794298921418,0.708119070036939,0.642133037078183,0.688474810213941,0.610048910626945,0.862910008410429,0.910171790235081,0.901664861938278,0.673642533936652,0.742143658810325,0.792076598735068,0.826923076923077,0.760771106723958,0.85636602287643,0.938058551617874,0.716205687573042,0.977147273128727,0.68421745425826,0.649126413155191,0.822963195973577,0.507619974059663,0.945722618276085,0.519881305637982,0.689693424768052,0.608470678420851,0.99477434679335,0.731459149834187,0.79373321396598
32,0.799210323574731,0.669660317230392,0.641924732676017,0.715942028985508,0.59061170043829,0.898514157555368,0.916591320072333,0.906943692474283,0.73836457659987,0.822671156004488,0.80209065354884,0.803667262969589,0.812333062362095,0.844552784549035,0.949922958397534,0.735001947798987,1.02627511591963,0.680005265236278,0.660817060637205,0.799119219880466,0.518968871595331,0.902543745949449,0.612344213649853,0.676381605486084,0.606809761083429,0.989643705463183,0.783011757612301,0.787376902417189
32.999,0.819241140215716,0.708915767364381,0.604499375086793,0.688543823326432,0.608969065616464,0.912438089898139,0.92377938517179,0.925825663237682,0.693762120232708,0.791806958473624,0.811489810260014,0.784324686940966,0.816629891998606,0.835927245452841,0.966563944530045,0.78544994156603,1.05299183042614,0.722719494537319,0.666264131551901,0.785404215162001,0.532992866407264,0.921905379131563,0.579940652818992,0.675675675675676,0.625271496103233,1.02289786223278,0.784217666566174,0.780214861235452
34.001,0.866814329738058,0.713551097269501,0.62727398972365,0.708833678398896,0.60007622435368,0.942528735632183,0.917902350813743,0.882579859231186,0.675662572721396,0.727272727272726,0.847944483485593,0.830053667262968,0.829113924050632,0.861303831489468,0.939907550077042,0.7991819244254,0.968425701037758,0.743582993286824,0.679393627954779,0.841396665618119,0.549448767833982,0.93754050550875,0.668842729970326,0.718737394110528,0.606809761083429,1.00703087885986,0.805094965330118,0.833303491495077
35,0.831182588597843,0.730354168175564,0.645813081516456,0.762594893029676,0.655783522835546,0.912438089898141,0.911708860759494,0.898822414726584,0.729234001292825,0.761784511784511,0.864898102600141,0.839221824686941,0.806352340030194,0.877554847177948,0.979198767334361,0.777561355668096,0.986752042393464,0.73943661971831,0.668859198355601,0.831896822900283,0.54576037613489,0.894118600129617,0.68,0.716821298910852,0.591605979302416,0.951828978622329,0.844965330117576,0.878245299910475
35.999,0.858243451463791,0.707901788947636,0.64366060269407,0.68743961352657,0.620021596900209,0.87617979628072,0.900452079566004,0.829317812669194,0.745313510019392,0.768986157875046,0.82475404075896,0.832066189624328,0.814191150853559,0.846552909556847,0.89984591679507,0.776879626022595,0.98631044380658,0.718507305515336,0.679085303186023,0.847687952186223,0.549489299610895,0.923930654569022,0.664332344213649,0.734368697055264,0.623227290149483,0.964275534441806,0.828459451311426,0.836794986571173
36.999,0.876829738058552,0.722025059752301,0.612137203166227,0.691097308488613,0.631709331131297,0.900009344921035,0.9250452079566,0.915403356794803,0.758160956690369,0.760942760942761,0.83362614195362,0.758720930232558,0.783648821275113,0.861491343208951,0.932973805855161,0.79109855862875,0.928571428571429,0.724628142687904,0.682502569373073,0.854419628814092,0.559946498054475,0.911211924821777,0.723204747774481,0.718334005647438,0.632426216941356,0.916294536817102,0.817304793488092,0.802506714413608
38.001,0.899268104776579,0.688636199029478,0.678169698652966,0.691718426501036,0.656990408435495,0.940753200635455,0.93991862567812,0.920411478072551,0.783694246929541,0.742798353909465,0.846626844694308,0.841457960644008,0.807223319010568,0.902368898056129,0.943528505392912,0.836482275029217,0.982225656877899,0.74680795050678,0.690210688591984,0.832840515885499,0.554069390402075,0.904325988334415,0.675014836795252,0.699273900766438,0.65293215791491,1.00304038004751,0.823334338257461,0.856938227394806
39,0.847842835130971,0.69935539943507,0.65414525760311,0.692891649413388,0.691291367591946,0.914587421736286,0.89118444846293,0.837845154304278,0.817469295410472,0.827721661054993,0.8115776528461,0.849284436493739,0.787945650911624,0.911181948871804,0.946070878274268,0.796747175691468,0.993596820490175,0.72522048176912,0.693576567317575,0.818999685435672,0.555852788586252,0.976425793907972,0.694124629080119,0.760084711577248,0.647502235850262,0.891116389548695,0.81157672595719,0.853267681289168
40,0.896667950693374,0.690446874773666,0.689557005971393,0.707315389924085,0.673124563297974,0.92383889356135,0.892405063291139,0.932390362750406,0.811409179056238,0.728020950243171,0.842059030217849,0.848837209302325,0.782835907560097,0.925432839552472,0.910323574730354,0.772984028048305,1.02152793111062,0.719362906410426,0.699075025693731,0.832274300094369,0.582725356679637,0.896224886584576,0.726409495548962,0.742133924969746,0.664175290660534,0.906508313539193,0.809692493216763,0.868755595344674
41,0.857280431432974,0.693126674875065,0.669282044160534,0.733954451345756,0.663723559677317,0.980656013456686,0.88883363471971,0.910733622089875,0.80648028442146,0.781144781144781,0.804901616303585,0.888305008944544,0.80211357565904,0.909119319957498,0.993990755007704,0.826938059992209,1.00430558622212,0.756943530340924,0.712435765673176,0.851651462724128,0.578753242542153,0.950421257290992,0.745875370919881,0.77470754336426,0.691899833908267,0.839144893111639,0.85061802833886,0.885496866606983
42,0.856413713405239,0.723546027377417,0.670184696569921,0.73008971704624,0.669376865908657,0.950565367722642,0.898282097649186,0.913373037357878,0.851648351648351,0.872895622895622,0.850755446240337,0.872987477638639,0.852049703867146,0.945496593537096,0.981972265023112,0.888001558239189,0.988297637447561,0.72995919441885,0.723175745118192,0.83718150361749,0.58381971465629,0.957874270900843,0.705281899109792,0.762706736587333,0.65714833269452,0.937387173396675,0.84119686463672,0.890062667860341
43,0.798439907550077,0.746939957992324,0.640883210665186,0.732229123533472,0.681255161023946,1.04317353518363,0.909222423146474,0.924066053059016,0.856173238526179,0.801533857089411,0.845572733661279,0.813170840787121,0.823075136453374,0.927182948934309,0.960939907550077,0.798402804830542,0.937072201368956,0.725944451757273,0.702852004110997,0.850707769738912,0.58394130998703,0.98104342190538,0.695311572700297,0.743041549011698,0.68129551552319,0.961900237529692,0.835016581248115,0.859444941808415
44,0.7904468412943,0.762729050481641,0.655047910012499,0.736024844720498,0.682906688687035,1.02822166152696,0.894710669077757,0.928397401191121,0.857223658694247,0.795080433969323,0.838984539704849,0.789467799642217,0.810184647543839,0.907619226201638,0.92442218798151,0.791585508375536,1.02881430779422,0.765433723838358,0.710894141829394,0.828688266750551,0.607247081712063,0.993357096565133,0.758219584569734,0.690500201694233,0.669605212725182,0.94375296912114,0.787081700331626,0.823903312444047
45,0.796610169491526,0.732961541247194,0.711567837800306,0.784955141476882,0.702470939465159,0.984580880291561,0.905470162748643,0.866201949106659,0.866677440206852,0.815469509913955,0.923840477863668,0.937164579606439,0.774939031471374,0.963185199074942,0.975038520801232,0.857518504090377,0.964561713402517,0.761155719362907,0.705447070914697,0.832651777288456,0.600478274967575,0.941753078418665,0.752759643916914,0.698769665187576,0.6650696307653,0.93976247030879,0.788136870666264,0.844046553267681
46,0.783994607087828,0.744405011950461,0.731217886404666,0.774879227053141,0.672997522708505,0.944584618259975,0.894394213381555,0.901732539252843,0.863930187459598,0.8841189674523,0.905305692199579,0.955724508050089,0.801532923005458,0.955372210763174,0.9,0.826645890144137,1.00551998233606,0.777148874555746,0.716161356628983,0.839320541050645,0.608989948119326,0.899384316267013,0.752047477744807,0.695643404598628,0.653570972275457,0.89501187648456,0.807356044618632,0.839570277529096
47,0.8009437596302,0.714637502716014,0.699972226079711,0.768184955141477,0.69592834910754,1.0470984020185,0.881916817359856,0.876421223605848,0.858678086619262,0.902543958099514,0.915319747013352,0.84593023255814,0.783881082336546,0.967747984249015,0.96040061633282,0.904752629528633,0.975270479134468,0.784454389890747,0.714465570400822,0.852532242843662,0.612273022049286,0.870949449125081,0.813293768545995,0.738805970149253,0.678676376644948,0.956484560570073,0.824540247211335,0.861951656222023
48,0.777831278890601,0.766277974940248,0.731912234411887,0.752657004830919,0.709966334243791,0.988225399495374,0.840461121157323,0.9127639415268,0.837750484809309,0.89337822671156,0.827037947997188,0.873434704830053,0.759900127743584,0.975123445215326,0.992989214175655,0.92520451889365,0.966880105983663,0.760234303014348,0.707553956834532,0.865995596099403,0.631363488975357,0.912913156189243,0.780890207715135,0.73416700282372,0.689089050721861,0.980047505938243,0.850994874886947,0.886929274843331
49,0.793239599383668,0.775765915839792,0.676919872239967,0.790131124913734,0.703868385949311,0.987664704233249,0.887432188065099,0.886302111532215,0.860617323852617,0.894968200523756,0.865864371047084,0.884056350626117,0.759725931947508,0.954622163885243,0.981355932203389,0.841449162446436,1.01048796643851,0.769119389232593,0.732836587872559,0.850896508335954,0.621757457846952,0.858797796500324,0.813649851632048,0.704618797902381,0.708572888718539,0.97102137767221,0.799969852276153,0.840823634735899
50,0.813270416024654,0.772216991381185,0.730940147201778,0.783229813664597,0.697579876770628,0.990748528174937,0.918399638336347,0.921832701678397,0.849385908209437,0.898802843247287,0.847680955727337,0.904852415026834,0.734757867843455,0.923495218451153,0.941217257318952,0.812232177639268,0.975270479134468,0.787152823482955,0.740416238437822,0.865114815979868,0.613326848249028,0.915667530784187,0.778278931750742,0.712182331585317,0.710233806055961,0.971496437054633,0.854085016581249,0.843777976723367
51,0.84774653312789,0.77670746722677,0.718650187473961,0.787163561076605,0.707107920980752,0.999065507896456,0.890596745027125,0.940308608554413,0.812378797672915,0.874111485222596,0.842322557976107,0.82368067978533,0.744687028219719,0.953184574035878,0.960554699537749,0.92939228671601,0.991388827555753,0.807687244965119,0.740005138746147,0.874488832966342,0.628283073929961,0.887151652624757,0.788011869436201,0.736083098023397,0.684553468761978,0.937957244655583,0.876017485679832,0.841629364368845
51.999,0.822611710323575,0.785760845947709,0.708929315372865,0.767563837129055,0.680874039255542,1.0760676572283,0.905153707052441,0.887723335138062,0.818762120232708,0.879629629629628,0.830024595924105,0.851408765652952,0.75600975496458,0.945934120882555,0.956317411402157,0.891994546162837,0.999227202472953,0.746478873239437,0.738232271325797,0.862346649889903,0.622851815823606,0.937864549578743,0.842729970326411,0.726502622025011,0.717580171202249,0.996769596199526,0.837955984323183,0.814234556848702
53,0.811055469953775,0.790975592090968,0.695736703235661,0.770324361628709,0.70463062948612,0.977945986356414,0.900406871609403,0.876285868976719,0.829993535875889,0.95164609053498,0.826335207308503,0.915362254025044,0.762280803623272,0.934808425526595,0.922573189522341,0.91955590183093,0.952196952969751,0.787087008029486,0.736485097636177,0.844101918842404,0.632701037613489,0.89201231367466,0.827655786350149,0.704517950786607,0.708061837230101,0.960190023752971,0.865691890262285,0.871530886302596
54.001,0.823189522342065,0.764901861374666,0.699972226079711,0.767908902691511,0.707870164517563,0.998037566582562,0.970479204339964,0.962371413102328,0.776987718164188,0.90946502057613,0.822645818692902,0.858676207513416,0.795087678550691,0.986561660103756,0.940369799691834,0.921795870666148,0.940936189004196,0.849348427010663,0.732605344295992,0.836237810632274,0.633511673151751,0.893308489954634,0.810445103857566,0.711173860427591,0.681359396959244,1.03049881235155,0.871646065722038,0.829006266786034
55,0.804025423728814,0.753603244730934,0.73531453964727,0.771497584541063,0.725211204979991,1.00635454630408,0.89633815551537,0.907011369788847,0.814156431803491,0.841750841750841,0.74710119465917,0.893224508050088,0.77540355359424,0.968685542846428,0.945069337442218,0.943026879626022,0.948664164274674,0.867250230354087,0.73972250770812,0.837433155080215,0.644171530479896,0.930087491898898,0.732225519287835,0.7078459056071,0.689727865082407,1.03429928741093,0.83675007536931,0.893912264995524
56,0.80152157164869,0.804809154776563,0.781002638522428,0.810282953761215,0.728323699421965,1.04775254649098,0.865144665461121,0.940173253925284,0.854314802844214,0.875046763935652,0.787069571328179,0.919834525939177,0.766171176402275,0.945934120882555,0.950693374422188,0.965816127775614,0.924817840582912,0.834145057259446,0.732399794450155,0.804655552060397,0.66095168612192,0.991655865197667,0.815074183976262,0.677793465106899,0.695093905711001,1.00323040380048,0.858381067229425,0.894180841539839
57.001,0.797765793528506,0.767074672267691,0.755172892653798,0.788474810213941,0.732960680937558,1.06812447434819,0.888698010849909,0.91032755820249,0.872979961215255,0.824167601945379,0.828443429374562,0.920058139534883,0.758738822436419,0.940933808363023,0.881510015408321,0.92452278924815,0.949657761095166,0.803672502303542,0.742446043165468,0.821704938659957,0.640604734111544,0.944993519118601,0.839643916913947,0.699878983461073,0.730611984157404,1.04807600950119,0.888754899005124,0.87018800358102
57.999,0.807492295839754,0.767581661476063,0.745799194556311,0.830710835058662,0.742234643968748,1.05943369778525,0.926717902350813,0.89713048186248,0.83322559793148,0.886176580621024,0.758081517919887,0.922406082289803,0.758158169782836,0.91818238639915,0.926810477657935,0.918387222438645,1.00121439611393,0.805186257733316,0.736742034943474,0.80666876376219,0.663910505836576,0.942806221646145,0.822551928783384,0.673860427591771,0.72946211830842,1.06650831353919,0.87420862224902,0.851477170993734
58.999,0.864791987673344,0.791989570507714,0.729690320788779,0.809454796411319,0.776980245188338,1.03410896177927,0.908227848101266,0.893340552246887,0.853102779573368,0.89852225963337,0.835734364019676,0.920393559928443,0.784519800255487,0.953497093568349,0.959167950693374,0.936988702765874,1.03897107529256,0.801763854152956,0.743602261048304,0.798301352626612,0.637240596627757,0.930330524951395,0.782789317507419,0.723678902783381,0.713619522166859,1.03743467933492,0.83727766053663,0.809042076991943
60,0.888482280431433,0.803070906062143,0.774475767254549,0.854520358868186,0.745156577526519,1.06354546304084,0.929430379746835,0.94057931781267,0.876616031027796,0.933314627759071,0.843113141250878,0.955500894454383,0.810126582278481,0.976373523345209,0.98828967642527,0.946240747954812,1.04239346434092,0.781821771752008,0.749794450154162,0.811324315822586,0.662167639429313,0.937621516526248,0.793234421364985,0.74878983461073,0.722435160342405,1.0240380047506,0.871344588483569,0.814413607878245
