"time","Norm_cond2_file1_cell0","Norm_cond2_file2_cell0","Norm_cond2_file3_cell0","Norm_cond2_file4_cell0","Norm_cond2_file5_cell0","Norm_cond2_file6_cell0","Norm_cond2_file7_cell0","Norm_cond2_file8_cell0","Norm_cond2_file9_cell0","Norm_cond2_file10_cell0","Norm_cond2_file11_cell0","Norm_cond2_file12_cell0","Norm_cond2_file13_cell0","Norm_cond2_file14_cell0","Norm_cond2_file15_cell0","Norm_cond2_file16_cell0","Norm_cond2_file17_cell0","Norm_cond2_file18_cell0","Norm_cond2_file19_cell0","Norm_cond2_file20_cell0","Norm_cond2_file21_cell0","Norm_cond2_file22_cell0","Norm_cond2_file23_cell0","Norm_cond2_file24_cell0","Norm_cond2_file25_cell0","Norm_cond2_file26_cell0","Norm_cond2_file27_cell0","Norm_cond2_file28_cell0","Norm_cond2_file29_cell0","Norm_cond2_file30_cell0","Norm_cond2_file31_cell0","Norm_cond2_file32_cell0","Norm_cond2_file33_cell0","Norm_cond2_file34_cell0","Norm_cond2_file35_cell0","Norm_cond2_file36_cell0"
-2.071,1.01101736280594,1.26362146661204,0.966841434037125,1.04147007698038,1.08175061932287,0.994108295146359,1.00588363477882,0.986380484440996,1.05252790544977,1.04318875427726,1.00513573000734,1.01810941499953,1.03156186612576,1.04206562668101,1.04007446600039,0.945882697089366,1.01296196281151,1.05601136005049,1.04576017930519,1.04941111520059,1.00730816077954,1.01714587180163,1.05507366102162,1.106976227505,1.05884910856646,0.942332155477032,1.12788887558376,1.02495981047466,1.00858078356102,1.04316888045541,1.04139072847682,0.963525383355664,0.992373614277851,1.00987898246481,1.03290259528722,1.06275796380569
-1.272,0.977477163377729,1.17410897173289,0.904633697038401,1.05338962006456,1.05982200201853,1.01197044795661,1.00675528437568,0.980777519179381,1.09428759028234,1.01914362341626,1.01364636830521,0.945861382383616,1.04649087221095,0.976546530392685,0.957182049774641,0.967017697820681,1.01365635367641,1.00055222467655,1.05687336570788,0.965771071034228,1.00324807145757,1.05750461619625,1.00936252237367,0.996111975116641,1.01608928830265,0.999010600706715,0.985271225002993,1.01049158135206,1.02303262955854,1.01529886148007,0.95419426048565,0.94722346285544,0.992609481877505,0.973573721906644,0.960582039309371,0.965075669383004
-0.272,1,1,1,1,1,1,1,1,1,1,1,1,1,1,1,1,1,1,1,1,1,1,1,1,1,1,1,1,1,1,1,1,1,1,1,1
0,0.208981242591172,0.236173699303562,0.208020405271362,0.202135584802583,0.153225066519864,0.109791452352005,0.251797777293527,0.119041461942936,0.273933026920552,0.204753537408675,0.252677916360968,0.161183274864891,0.198215010141988,0.433243679397526,0.187438761512835,0.122787772414802,0.133863127845074,0.196749763332282,0.194714232349646,0.203165255796834,0.171234267153877,0.18886837246109,0.194134655101199,0.196956231948456,0.202927960573995,0.115053003533568,0.129804813794754,0.144090024536763,0.164051033081179,0.346062618595824,0.36681383370125,0.232693166592228,0.180753203868228,0.18267885074504,0.26126615267673,0.256640914382474
1.001,0.317620807475071,0.405981155264235,0.295167918378914,0.280357586292527,0.356179466006055,0.173945571869447,0.381346698627152,0.258167399362124,0.450952068286277,0.26384907056321,0.364343360234777,0.287475111406087,0.369168356997971,0.533727810650888,0.285616304134823,0.247623226561357,0.281228300285473,0.37519722309877,0.407172207695181,0.274383511225616,0.263398294762485,0.378396201529939,0.319427233925374,0.25094423461453,0.281635019568053,0.240565371024735,0.298646868638486,0.285134106100346,0.330811787286891,0.492765654648956,0.486203090507726,0.307652225695995,0.33241607044579,0.275541285914217,0.417309154088391,0.308709916393269
2.001,0.393347744229831,0.457804178615321,0.341221482216239,0.313136329774024,0.491512982842463,0.216777330964183,0.477228154281978,0.309542280837858,0.498883782009192,0.295015259409969,0.371680117388115,0.333933820043615,0.436267748478701,0.602904787520173,0.373505780913189,0.273292379698698,0.36717845845228,0.475465446513096,0.524094135226,0.351582627898417,0.293341453511977,0.472039039831178,0.4071320391023,0.32359475672073,0.34570227569213,0.396466431095406,0.383187642198539,0.40087993908114,0.47871739866772,0.535222960151803,0.513612950699043,0.366234926306387,0.409937888198758,0.356219642710134,0.444673688782713,0.39326912900836
3.001,0.457778397601283,0.47501024170422,0.403429219214965,0.369381673702509,0.513808606294155,0.269335079023661,0.528546524297233,0.390914576329627,0.523571897570584,0.337926569869601,0.39002201027146,0.422489807528207,0.504584178498986,0.643356643356645,0.388496962571035,0.337282433816002,0.454671707429981,0.517986746607763,0.53997011580127,0.366948840633051,0.321457572066585,0.533236613030863,0.486300426820872,0.339702288380359,0.337730105812436,0.468692579505301,0.444497664950306,0.444200016921905,0.507169470475329,0.588591081593927,0.485467255334806,0.401146345094536,0.452079566003616,0.422161850662715,0.514062330329027,0.424277701344058
4.001,0.481905027543407,0.513723883654239,0.394785319540881,0.411348398311398,0.624919717405266,0.283924062470775,0.611135323599914,0.416171019739678,0.53053184504268,0.380467955239064,0.421570066030815,0.425334218261116,0.583042596348884,0.684776761699839,0.443856554967666,0.386426795378089,0.485147750945143,0.559876932786368,0.641763167725065,0.38305115936695,0.393625659764515,0.68095489316803,0.553490293267244,0.413685847589425,0.425279025945789,0.577102473498234,0.521973416357322,0.549623487604704,0.610590493395055,0.603534155597723,0.501839587932301,0.444990323060891,0.527242707760044,0.418704206800033,0.559995656423065,0.426076833527357
5.001,0.531483160170142,0.561655059401882,0.443531245571772,0.437049913086664,0.732911276263877,0.300196390161789,0.628568315537155,0.441858460477546,0.514642153644123,0.366225839267549,0.511078503301539,0.460510097658102,0.679026369168357,0.683808499193115,0.470311581422692,0.439593388913266,0.521410385001157,0.59908488482171,0.691165483750468,0.419028340080972,0.407023954527,0.685966763386969,0.556381660470879,0.422239502332815,0.409624583272937,0.519010600706714,0.517063824691653,0.576952364836281,0.63147792706334,0.607922201138519,0.537895511405443,0.494044960547863,0.535026338548628,0.480612496912819,0.544684547725051,0.457297068472856
6.001,0.532738302768287,0.491192134371158,0.474564262434463,0.487832133101565,0.772089182493806,0.338913307771439,0.692525604706907,0.499870700801656,0.554432042022326,0.378988254878387,0.519002201027147,0.44515027970039,0.753103448275862,0.690371167294244,0.513031550068587,0.450855638437911,0.552272201219042,0.630325023666773,0.692939858050056,0.448656606551343,0.441027202598457,0.775652862041677,0.535729037587772,0.432903799155742,0.434120887085085,0.561978798586573,0.631181894383906,0.613249851933328,0.642091001467765,0.674454459203036,0.642384105960265,0.504540717582254,0.631496186807138,0.473285584918087,0.62395482679987,0.489363953857551
7.001,0.567115263928597,0.47132322818517,0.512115629871048,0.495157685622051,0.783649876135425,0.336949406153558,0.618326432774025,0.461684337557107,0.617465528562049,0.42152964024785,0.549816581071167,0.497771878259221,0.770304259634888,0.751802044109737,0.580246913580246,0.511481643995904,0.569169045598333,0.690754181129695,0.704800149420993,0.481045270518955,0.441839220462849,0.785017145871801,0.56422965716646,0.472006220839813,0.49673865777649,0.588409893992935,0.607112920608311,0.619934004568915,0.625381054533138,0.726636622390893,0.604488594554819,0.555307428911716,0.643289566789842,0.526796739935787,0.601911173851667,0.498782939993651
8.001,0.594658670943449,0.642974190905365,0.498795522176564,0.515644400297987,0.783282869988072,0.37099036753016,0.633362388319896,0.515300405137488,0.641891004596191,0.447794321649866,0.631694790902422,0.570493979330615,0.825882352941176,0.737600860677786,0.645208700764257,0.515942664911511,0.637913741223671,0.681366361628275,0.783526335450131,0.467795362532203,0.442346731628095,0.771300448430492,0.603607324796915,0.474783381470783,0.498043194665895,0.655547703180214,0.651778230152077,0.624249090447584,0.683865868804336,0.691650853889944,0.638704930095657,0.584114932261426,0.646041355452472,0.571499135589034,0.623086111412749,0.585776272621441
9.001,0.64256328010599,0.561245391233102,0.515374805157999,0.54556741991557,0.798972382787411,0.389226596839054,0.635977337110481,0.570037065770193,0.626001313197636,0.484879311939332,0.629493763756419,0.554754906608514,0.858012170385396,0.725121032813343,0.58837938467568,0.576714933450343,0.695779646632204,0.750394446197539,0.864867388868136,0.465863084284137,0.446812829882257,0.829860195199155,0.581440176235717,0.50477671628527,0.478909986954631,0.59886925795053,0.661597413483416,0.634402233691514,0.734786044936208,0.689871916508538,0.670713760117733,0.628628852166146,0.619624184291217,0.594385444965836,0.655011401889458,0.547042015028045
10.001,0.605815494038072,0.572511265874638,0.486042227575456,0.536255276881053,0.823928800807414,0.38324137286075,0.659729788624974,0.564089302646323,0.674720945502299,0.487838712660685,0.589435069699195,0.590120413387694,0.918296146044624,0.744593867670792,0.601410934744268,0.592438203890595,0.702183473497415,0.762464499842222,0.845255883451625,0.453901361796098,0.512484774665043,0.813505671326825,0.660608563954289,0.51244167962675,0.53674445571822,0.603957597173145,0.715602921805772,0.657331415517388,0.688833690865982,0.712286527514231,0.681567328918321,0.660786065207682,0.650051104646591,0.645920803490573,0.675969160603759,0.569372420361943
11.001,0.607070636636218,0.675133142154855,0.553067875867931,0.561584305934939,0.851179007248371,0.418872159356588,0.644366964480279,0.60848202741143,0.719632304661853,0.487931193933229,0.583859134262656,0.617142315350337,0.83261663286004,0.771059709521248,0.594650205761317,0.564428843059822,0.663143275981792,0.714184285263491,0.813597310422115,0.508465218991534,0.522736500203005,0.839224479029281,0.652209830648491,0.543768051544101,0.499202783012029,0.638162544169612,0.695006586037599,0.748709704712751,0.63813932482782,0.683942125237191,0.69812362030905,0.682298645228524,0.615457190030661,0.655882110809254,0.716907373221849,0.583342152608742
12,0.669200195244404,0.688242523555919,0.502621510556893,0.611994040228458,0.81631342324984,0.402412793416253,0.670189583787319,0.594862511852426,0.737229152987526,0.506242485896606,0.567718268525312,0.668341708542713,0.858823529411764,0.764497041420119,0.65138154027043,0.59075617961094,0.671707429982255,0.731303250236668,0.802110571535301,0.494663231505337,0.551867641088103,0.8230018464785,0.608150901831197,0.567096200844258,0.542397448905639,0.718586572438164,0.650221530355647,0.735087570860478,0.666591396635431,0.73873339658444,0.66832229580574,0.700387077564388,0.677726236339334,0.669218737136743,0.744271907916171,0.558895121176845
13.001,0.673802384770937,0.661614092585006,0.539606064900098,0.603302706729576,0.91751536838242,0.430187973440568,0.715515362824146,0.590811136970951,0.740380827314512,0.492092851197632,0.574027879677184,0.646724186972599,0.856795131845842,0.736847767617,0.631295316480503,0.579932719028814,0.677494020523108,0.734222152098455,0.786701531565186,0.567261685682738,0.522634997969955,0.839356370350831,0.698471705906649,0.577649411241947,0.556312509059283,0.763533568904595,0.785055681954257,0.722057703697437,0.735915095404765,0.726992409867172,0.699043414275201,0.70611880303707,0.724585266137274,0.705688647402652,0.733304376153764,0.570959889935443
14.001,0.688027334216582,0.736173699303565,0.559727929715177,0.624161907126892,0.888705385815213,0.465257645188441,0.691544998910439,0.626066718386347,0.805515430072226,0.506704892259317,0.627586206896552,0.69498435574097,0.788559837728195,0.773641742872512,0.670194003527337,0.596533567354102,0.657588149062572,0.772246765541181,0.800336197235711,0.519598822230401,0.543848964677223,0.866921656554999,0.659507090733857,0.645523217062876,0.633715031163937,0.756749116607777,0.723865405340678,0.716981132075472,0.745512024387491,0.733870967741934,0.645695364238408,0.704927795146642,0.716172655082947,0.718531324606899,0.752307525247043,0.571171552545244
15.002,0.694791158217698,0.819746005735353,0.536063483066459,0.666997765085672,0.890265161941461,0.479004956513607,0.70113314447592,0.618050168088958,0.777544320420223,0.527328216036252,0.668231841526046,0.64956859770551,0.866937119675456,0.800968262506726,0.618851655888693,0.579859587538394,0.632049996142274,0.758441148627328,0.816585730295107,0.546190651453808,0.597137637028015,0.806119757319969,0.689384551838082,0.624638969117975,0.641542252500363,0.695406360424028,0.702670338881571,0.744394618834081,0.755447668510783,0.754981024667931,0.731236203090506,0.750632722941789,0.694944571114081,0.726681485140364,0.745683570420241,0.597946872684941
16,0.698347395579109,0.737197869725522,0.566671390109111,0.639309659796374,0.909257730066978,0.468250257177592,0.716604924820222,0.633997069218171,0.787655942219305,0.559234255063349,0.655319148936172,0.67981416516545,0.83553752535497,0.777084454007532,0.634430727023319,0.622934035395641,0.623254378520176,0.744872199431999,0.843294732909974,0.558152373941847,0.606577344701583,0.809153257715642,0.699986231584744,0.670073317040658,0.603855631250905,0.709823321554772,0.782062028499582,0.835603688975379,0.768431748899176,0.767196394686908,0.708425312729947,0.747134137263659,0.712162905888828,0.706429571087512,0.753176240634162,0.629272938935339
17.001,0.678753225019176,0.804997951659154,0.624628028907468,0.689967717904147,0.901275346362052,0.470775273543439,0.712028764436696,0.64123782432549,0.765462902166776,0.571904189401646,0.681584739545123,0.674978666919503,0.833184584178499,0.771382463690156,0.685185185185186,0.676466286382916,0.669238484684824,0.751972230987694,0.858797161001121,0.593209422156789,0.597848152659358,0.882880506462672,0.709761806416081,0.709620084425684,0.635309465139875,0.6678445229682,0.768171476469885,0.803790506811067,0.820819690640173,0.774667931688804,0.748528329654157,0.758076522256959,0.772938124066357,0.73507862023545,0.768595938755565,0.619007302360037
18.001,0.73781465727634,0.789020893076608,0.598412923338529,0.695927489446238,0.92751628589779,0.5065930982886,0.750817171497059,0.718041548142403,0.83059750492449,0.590400443910108,0.688921496698461,0.667772826396131,0.840324543610547,0.765465303926843,0.718204977464236,0.670981424601433,0.703263637065042,0.780451246449985,0.848244303324617,0.574806772175193,0.597543645960211,0.955420733315747,0.693102023957041,0.705398800266607,0.678214233946947,0.692155477031804,0.771644114477309,0.825535155258482,0.780738399006436,0.77407495256167,0.704746136865342,0.762170611880303,0.695023193647299,0.775911747756649,0.72353132804865,0.617948989311038
19.001,0.730144341398787,0.707087259319953,0.636531103868498,0.7114477278371,0.856592347921827,0.509772748527073,0.786881673567227,0.732264459960349,0.7543007222587,0.610191436234162,0.569038884812913,0.655162605480231,0.822474645030426,0.775040344271114,0.712718009014305,0.681512359221881,0.6878327289561,0.780451246449985,0.783619723571162,0.573150533676849,0.626573284612261,0.921920337641781,0.7546468401487,0.731837369473452,0.669227424264385,0.742756183745584,0.837504490480182,0.803790506811067,0.783335215084115,0.772770398481974,0.676784400294334,0.816212594908441,0.740545640380532,0.762328146867539,0.73884243674666,0.630225420679437
20.001,0.742207656369849,0.792707906595658,0.639223466062065,0.711199404022847,0.852555280300945,0.53390068268961,0.758117236870778,0.689595724506508,0.771109652002627,0.592804956996208,0.635069699192957,0.70313833317531,0.838458417849899,0.803119956966112,0.74965706447188,0.698259470528009,0.700640382686521,0.736904386241717,0.8810235338065,0.619433198380566,0.615408038976856,0.974544974940649,0.689384551838084,0.741612974894469,0.671546600956662,0.726360424028269,0.776912944557538,0.834672984178018,0.822964886530428,0.729838709677419,0.672553348050037,0.843010272443054,0.757685352622061,0.804972421173954,0.71669019437507,0.624616361519738
21,0.697371173558329,0.765055305202785,0.678900382598837,0.740253290290539,0.871639599963299,0.527541382212662,0.774569623011549,0.703129040599949,0.78726198292843,0.571534264311477,0.698606016140865,0.709775291552101,0.920973630831643,0.777945131791286,0.758279443464629,0.71076495538979,0.701797700794692,0.740059955822027,0.818733657078819,0.637467795362531,0.662403572878603,1.05222896333421,0.67905824039653,0.720173294823372,0.664299173793303,0.752650176678447,0.755837624236618,0.86707843303156,0.856158970305973,0.745018975332068,0.725349521707136,0.789414917373826,0.777026495793694,0.829916851897589,0.813334781192312,0.672028786114932
22.001,0.775259744787672,0.722040147480541,0.700864389967408,0.672212565185001,0.932012111202863,0.527541382212663,0.705273480061016,0.788811309369882,0.798555482600132,0.618329788217886,0.719442406456347,0.707025694510288,0.878539553752534,0.805271651425499,0.785714285714286,0.660304227000147,0.711827791065504,0.7489744398864,0.877848337691445,0.632315053367684,0.621904181892002,1.06739646531258,0.665565193446234,0.725727616085315,0.704449920278301,0.71731448763251,0.768291222608072,0.844318470259751,0.824884272326973,0.695920303605312,0.704194260485651,0.789638231353282,0.776633383127604,0.764880217337614,0.778803344554241,0.703884008889829
23.001,0.767310508332752,0.800696435886932,0.672240328751594,0.67146759374224,0.922469951371686,0.535490507808847,0.744279799520592,0.764158262218774,0.746158896913986,0.639230555812448,0.705355832721937,0.697923580164976,0.90369168356998,0.808606777837547,0.747501469723691,0.680049729413485,0.725175526579739,0.769722309876934,0.850205453866268,0.643264630106735,0.657125456760047,1.05816407280401,0.70563128183946,0.738946900688736,0.668792578634585,0.714770318021201,0.829481499221651,0.797275573229546,0.869594670881788,0.785934535104364,0.679727740986017,0.812341819264552,0.77679062819404,0.800691528772537,0.735910522315128,0.671076304370832
24.002,0.721079422634406,0.813805817287996,0.677766756412073,0.678172336727091,0.957152032296541,0.535958103432151,0.747657441708433,0.790362899750021,0.719763624425476,0.625080921113474,0.693617021276594,0.728927657153692,0.890223123732251,0.801398601398602,0.745443856554968,0.67800204768173,0.686598256307384,0.792757967813192,0.89400448262981,0.645196908354803,0.670422249289483,1.05051437615405,0.775161778879252,0.73950233281493,0.733729526018263,0.737102473498235,0.794994611423781,0.830611726880447,0.873433442474879,0.802419354838708,0.707505518763797,0.82886705374423,0.734491705322745,0.769737383716145,0.743837550222609,0.678167001799132
25,0.761313715919393,0.757886112249078,0.65651126541023,0.741370747454681,0.904578401688228,0.551669316375199,0.7682501634343,0.72554090164641,0.769402495075509,0.61370572459077,0.74057226705796,0.725703991656396,0.825638945233266,0.826143087681551,0.726141485400745,0.725610647945005,0.724944062958105,0.749447775323447,0.909039970115802,0.628082443871916,0.650223304912708,1.03561065681878,0.749001789893984,0.71384136858476,0.677779388317148,0.782756183745584,0.771404622200933,0.863355613842118,0.821948741108728,0.84392789373814,0.673105224429728,0.824177460175673,0.748486516235552,0.845723223841278,0.793245737865132,0.69859244364483
26.001,0.76814727006485,0.770995493650142,0.689103018279722,0.646386888502608,0.90705569318286,0.576825960909005,0.794617563739376,0.781915352124817,0.788837820091923,0.597613983168409,0.764049889948642,0.7981416516545,0.847302231237323,0.848951048951051,0.725161669606114,0.732704402515722,0.695239564848391,0.808535815714737,0.861412028389988,0.60875966139124,0.696102314250914,1.03376417831706,0.818532286933772,0.740168851366365,0.698651978547615,0.746855123674912,0.773440306550114,0.928081902022168,0.808174325392345,0.856380455407968,0.690213392200145,0.809959803483697,0.692664517650758,0.846299497818392,0.773916820501685,0.696793311461531
27.001,0.791367408130534,0.871364195002046,0.713617684568513,0.658306431586788,0.899899073309477,0.556625829982231,0.753214207888429,0.748383760020687,0.798424162836507,0.63849070563211,0.717534849596479,0.707215321892482,0.871156186612575,0.850779989241529,0.716343327454438,0.76283457656867,0.739140498418333,0.75560113600505,0.817239447142324,0.670776591829223,0.671640276086073,1.06515431284621,0.796640506677681,0.748278160408799,0.696332801855342,0.769045936395761,0.821219015686743,0.885015652762501,0.914643784577171,0.870493358633776,0.680279617365708,0.823433080244156,0.716565767749037,0.780933563842925,0.820936040829623,0.636998624193037
28.001,0.779304093159473,0.767513314215485,0.670823296018139,0.722994785199901,0.88255803284705,0.564574955578417,0.766071039442144,0.763899663822084,0.792383453709785,0.607509479330436,0.719882611885546,0.719730729117284,0.890872210953347,0.834642280796129,0.770527140897512,0.732265613573204,0.719851863282154,0.754260018933418,0.855715353007099,0.652741994847257,0.71041412911084,1.03363228699551,0.770342833539859,0.823705843145969,0.704449920278301,0.788127208480568,0.828044545563405,0.817581859717404,0.86620751947612,0.80823055028463,0.712656364974244,0.793732320976625,0.724821133736928,0.817815098378201,0.798349440764471,0.702296539316329
29.001,0.788020361202148,0.740065546907004,0.634263851494969,0.672585050906382,0.963666391412056,0.574113906293837,0.764654608847244,0.75028014826308,0.796323046618518,0.586793674280958,0.767865003668377,0.734521664928416,0.850385395537526,0.838084991931146,0.824417009602195,0.672590317390668,0.691999074145513,0.762780056800253,0.85590212924916,0.646393080603607,0.696609825416159,1.01793721973094,0.784524301252926,0.772717173961343,0.799681113204812,0.747420494699647,0.815231708777393,0.828073441069464,0.926385909450152,0.780716318785578,0.765084621044886,0.814947149024861,0.752417642896454,0.791553469992592,0.812466065805191,0.711292200232828
30.001,0.760825604909002,0.751536255632936,0.663171319257476,0.749689595232182,0.976786861179925,0.57261760029926,0.764545652647635,0.748987156279632,0.717137229152988,0.629612503468047,0.701834189288335,0.739546790556556,0.853711967545639,0.853469607315763,0.76886145404664,0.662790697674418,0.71144201836278,0.743846639318398,0.875046694060516,0.677677585572323,0.696000812017864,1.07478237931944,0.811510395153516,0.792934903354809,0.75170314538339,0.796607773851593,0.781104059394084,0.855063880192909,0.897030597267697,0.781902277039848,0.73307579102281,0.820902188476998,0.754854941426212,0.833868444883511,0.785970246497992,0.709704730659329
31.001,0.786834948748345,0.711798443260957,0.71857729913561,0.707722870623293,0.952380952380953,0.627980922098568,0.788951841359774,0.697526075338333,0.703611293499671,0.650605752335152,0.675128393250183,0.730539489902342,0.809006085192698,0.834211941904251,0.704879482657259,0.732046219101945,0.693773628578041,0.750867781634586,0.879529323870003,0.711170408538829,0.702395452699959,1.06858348720654,0.825278810408921,0.781604087980449,0.717930134802146,0.799858657243816,0.877260208358281,0.834165327015823,0.890256294456363,0.789136622390891,0.797829286239879,0.842638082477295,0.766176586209606,0.815921626739112,0.843088283201217,0.749391469996825
32,0.737744927131999,0.650348217943465,0.759246138585802,0.723863918549788,1.01376273052574,0.598989993453662,0.800392242318589,0.708387207999311,0.729481286933685,0.63090724128364,0.698752751283933,0.762681331184223,0.855740365111561,0.857450242065628,0.722516166960611,0.765979230656721,0.73566854409382,0.756468917639636,0.871124392977214,0.691663599558335,0.666565164433617,0.955156950672645,0.807930607187113,0.783825816485226,0.850703000434845,0.837879858657245,0.848640881331578,0.843303155935358,0.883481991645025,0.769686907020874,0.77998528329654,0.840553818669048,0.771522918468433,0.851074339343048,0.795091758062766,0.69446502275373
33.001,0.74876228993794,0.712412945514135,0.71177554201502,0.74857213806804,1.01541425818882,0.602730758440102,0.773262148616256,0.707008016550299,0.821405121470781,0.638675668177195,0.671460014673514,0.742106760216175,0.830588235294118,0.84249596557289,0.745051930237115,0.755667690507532,0.723169508525577,0.789286841274852,0.878128502054538,0.681082075818917,0.711327649208283,0.94671590609338,0.84056175134242,0.792601644079093,0.737208291056677,0.857526501766785,0.805771763860617,0.824519840934089,0.82804561363893,0.787832068311195,0.707137601177334,0.879633765073692,0.765075870744554,0.805301720589446,0.778260397437291,0.70589480368293
34,0.798340422564675,0.779188857025809,0.694204336120164,0.774273652843308,1.0542251582714,0.619377162629758,0.705164523861409,0.72683389362986,0.733946158896914,0.674650883196153,0.644754218635364,0.748459277519675,0.867261663286004,0.85884884346423,0.724671761708799,0.756545268392569,0.81066275750328,0.781003471126538,0.833022039596564,0.69644828855355,0.692346731628095,0.987602215774201,0.841800908715405,0.776605198844702,0.73793303377301,0.866148409893994,0.790324512034486,0.858363651747186,0.793496669301117,0.779530360531308,0.755886681383371,0.828494863778471,0.772859501533139,0.829752202189841,0.766424150287762,0.736162556884327
35.001,0.780071124747228,0.806841458418681,0.768598554626611,0.783585795877825,0.964767409854115,0.584120452632563,0.736870777947266,0.689681923972071,0.878923177938282,0.691482474798853,0.710344827586206,0.782023324168009,0.901014198782962,0.888542227003767,0.731236527532823,0.764224074886646,0.685209474577579,0.760334490375514,0.827885692939859,0.6854987118145,0.660678034916768,0.882484832498021,0.816604708798016,0.788491446345257,0.754312219162198,0.778657243816256,0.74074961082505,0.876723919113293,0.806367844642655,0.83147533206831,0.73859455481972,0.863852910525532,0.778677568991272,0.826376883181033,0.802367249429908,0.70652979151233
36.001,0.741022243916046,0.753789430561246,0.722828397335978,0.762850757387632,1.00449582530507,0.589264004488918,0.695685334495534,0.706404620291354,0.825213394615891,0.682511791362249,0.67439471753485,0.775860434246705,0.901744421906693,0.815707369553524,0.751518714481677,0.745429281848765,0.722012190417406,0.73785105711581,0.876634292118041,0.706201693043797,0.672553796183515,1.0199155895542,0.828720914222773,0.774272383914686,0.764893462820699,0.858657243816256,0.799664710813076,0.880108300194602,0.837416732527944,0.804909867172676,0.724797645327445,0.867053744231055,0.798097334696123,0.802914299827118,0.808122488869584,0.734469256005926
37.001,0.762289937940172,0.757271609995903,0.7415332294176,0.740501614104792,0.971465272043306,0.611708594407556,0.74101111353236,0.733212654081545,0.793696651346028,0.665125312124294,0.665297138664711,0.761543566891059,0.837484787018256,0.862291554599248,0.730060748579268,0.784554629223343,0.727258699174447,0.739113284947934,0.888214419125888,0.725800515274199,0.675395858708891,1.0635716169876,0.853917114140162,0.771717396134193,0.754312219162198,0.839717314487632,0.816788408573823,0.799390811405365,0.824997177373829,0.822817836812144,0.804819720382633,0.864299538484442,0.844563251827973,0.852144562443402,0.803887501357368,0.718806222880728
38.001,0.760616414475978,0.715895124948792,0.716026640215388,0.752793642910355,1.00945040829434,0.607126157299167,0.751579864894312,0.699422463580726,0.78752462245568,0.677055396282253,0.666324284666177,0.793875035555134,0.839350912778904,0.850134480903713,0.817950225357632,0.776437033786747,0.715145436308926,0.754812243609972,0.974878595442659,0.695896209054103,0.665347137637027,1.00923239250857,0.80338703015283,0.733170406576318,0.807363385997972,0.792367491166078,0.746257933181655,0.822573821812337,0.858868691430507,0.790085388994308,0.722590139808681,0.892064909930027,0.802421574023115,0.821766691364123,0.83255510913237,0.69986241930363
39.001,0.745415243009554,0.832036050798852,0.745926030891313,0.726098832878074,0.897238278741168,0.58767417936968,0.75855306166921,0.712179984484096,0.907288246881157,0.638860630722279,0.6520909757887,0.767232388356879,0.862150101419878,0.827326519634213,0.721438369586518,0.74031007751938,0.692153383226603,0.787472388766173,0.901849084796415,0.726904674273095,0.700466910272025,1.05539435505144,0.779705355913533,0.745723172628306,0.769096970575445,0.910812720848056,0.746617171596216,0.85354090870632,0.891949870159197,0.754150853889944,0.721486387049302,0.875241923477742,0.804937495086091,0.807853791059522,0.829840373547617,0.752672240448724
40.001,0.76019803360993,0.792298238426872,0.703698455434319,0.770797119443754,0.895127993393889,0.599738146450949,0.692416648507299,0.73881561934316,0.918056467498359,0.697401276241561,0.67028613352898,0.836351569166588,0.858255578093305,0.84088219472835,0.730452674897119,0.76934327921603,0.766607514852249,0.784001262227833,0.898113559955174,0.687062937062936,0.728481526593584,1.04260089686098,0.846344485749688,0.726838480337704,0.765183359907232,0.8052296819788,0.859178541492037,0.889584567222269,0.804900079033533,0.765417457305502,0.7621412803532,0.871371147833854,0.800849123358754,0.80151477731127,0.812031708111632,0.705683141073129
41,0.75573530437208,0.774272839000409,0.782343772141134,0.737521728333747,0.887971373520506,0.612363228280184,0.766942689039005,0.753728126885613,0.900722258699934,0.700638120780541,0.623037417461482,0.773016023513795,0.88235294117647,0.845831091984939,0.736233588085441,0.784262103261664,0.723786744849935,0.798122436099717,0.891202838998879,0.722027972027971,0.721477872513195,0.983777367449221,0.895084675753821,0.794490113308154,0.778083780258008,0.729893992932864,0.827206322596096,0.843641594043489,0.815513153437959,0.766247628083491,0.695548197203824,0.833258895340181,0.835443037974682,0.878488515682885,0.77087631664676,0.654460789501534
42.001,0.781326267345374,0.804997951659157,0.783760804874593,0.74223988080457,0.924488485182126,0.614233610773403,0.710067552843757,0.743556589949142,0.842941562705187,0.715157680569684,0.688481291269258,0.76685313359249,0.89395537525355,0.875201721355568,0.768371546149324,0.773877431622057,0.743383998148291,0.775560113600506,0.875046694060516,0.72754876702245,0.746751928542428,1.04220522289633,0.825416494561476,0.777382803821374,0.727206841571241,0.712508833922262,0.833193629505448,0.84829511803029,0.808625945579768,0.744544592030361,0.74981604120677,0.905761500669942,0.748014781036244,0.84868691858072,0.806928005212295,0.70568314107313
43.001,0.821630290774702,0.76444080294961,0.77710075102735,0.760119195430842,0.837783282869988,0.668474703076779,0.714316844628459,0.77234721144729,0.869993434011819,0.669564413206326,0.71254585473221,0.731013558357826,0.884137931034482,0.861646046261432,0.806780325298844,0.790112622495246,0.74762749787825,0.873619438308615,0.911187896899514,0.757637099742363,0.73142509135201,1.00303350039567,0.771444306760291,0.826149744501222,0.773590375416727,0.700212014134276,0.809364148006227,0.876470090532194,0.864739753866999,0.784274193548387,0.757542310522444,0.858046747059699,0.821919962261184,0.860377047830741,0.746226517537193,0.689385120118532
44.001,0.812495641865978,0.82793936911102,0.783760804874593,0.698534889495901,0.84438939352234,0.638268025811279,0.777838308999782,0.762951469700888,0.903873933026921,0.697863682604272,0.746881878209832,0.797572769507916,0.896146044624746,0.877998924152772,0.8079561042524,0.823241187655404,0.768690687446956,0.826680340801515,0.966847217033993,0.74181082075819,0.691636215996752,1.04022685307307,0.795125980999587,0.795489891135304,0.785331207421364,0.807491166077739,0.87726020835828,0.945003807428716,0.90696624139099,0.819141366223908,0.781272994849153,0.877102873306535,0.774982309930025,0.856343129990945,0.801607123466176,0.664303100857234
45.001,0.791994979429608,0.799877099549364,0.704406971801049,0.695679165631985,0.862923203963666,0.620873468624333,0.76726955763783,0.756831307645893,0.889166119500986,0.725608064366966,0.679970652971387,0.763629468095193,0.895415821501014,0.847982786444325,0.75063688026651,0.804373263127102,0.792377131394182,0.827153676238562,0.942753081807994,0.730493191019507,0.756090133982947,1.03943550514376,0.820597549222085,0.823705843145969,0.803884620959558,0.799151943462898,0.835109567716442,0.945680683644978,0.893756350908885,0.817718216318785,0.788631346578367,0.871966651779067,0.824828995990251,0.833456820614144,0.810294277337389,0.672875436554133
46.001,0.77016944425075,0.857640311347807,0.769023664446649,0.752296995281847,0.874300394531608,0.609651173665015,0.761603835258226,0.741660201706749,0.840840446487196,0.694534356792748,0.723991195891416,0.767137574665781,0.88129817444219,0.828187197417969,0.780913188320595,0.804738920579201,0.744927088959185,0.787314610287158,0.929118416137467,0.768862716231136,0.74878197320341,1.10419414402532,0.809169764560098,0.833259275716507,0.806348746195099,0.692720848056538,0.764818584600647,0.917251882561976,0.927627864965563,0.808586337760912,0.875091979396615,0.858642251004912,0.851403412217942,0.844653000740925,0.835487023563906,0.69383003492433
47.001,0.813611324175442,0.773863170831624,0.772282839733598,0.763844052644649,0.96504266446463,0.590666791358833,0.780017432991937,0.712266183949659,0.850032829940907,0.69416443170258,0.688481291269258,0.818052526784868,0.878539553752536,0.858095750403444,0.745933764452283,0.814319145824192,0.713910963660211,0.855869359419376,0.937990287635414,0.704821494295178,0.717823792123425,1.14890530203113,0.807792923034557,0.795600977560543,0.803739672416292,0.750247349823324,0.791761465692731,0.934766054657754,0.914530879530314,0.803842504743833,0.72718910963944,0.905910376656245,0.863747149933169,0.894047913064955,0.814746443696385,0.714043814160229
48,0.82504706784743,0.766284309709135,0.728071418449765,0.78457909113484,0.921093678319112,0.663050593846441,0.790041403355852,0.757607102835963,0.85042678923178,0.689170442985295,0.679236977256052,0.852280269270883,0.924462474645031,0.835502958579882,0.79962766999804,0.787918677782653,0.755111488311088,0.85050489113285,0.979641389615241,0.712366580787633,0.706151035322776,1.09403851226589,0.852264904309513,0.769273494778938,0.770546456008117,0.770318021201415,0.867800263441504,0.936458245198409,0.867788190132098,0.831000948766604,0.819352465047827,0.895935685573916,0.826715936787483,0.862270519469829,0.829731784124228,0.741771616044026
49,0.769820793529042,0.827734535026627,0.708799773274762,0.814998758380929,0.864115973942564,0.683811839521182,0.78764436696448,0.763468666494268,0.825344714379514,0.698696014057154,0.675275128393251,0.779652981890585,0.94920892494929,0.84077461000538,0.813443072702332,0.77892350446102,0.748090425121518,0.810665825181447,0.931359731042211,0.711170408538829,0.705643524157531,1.11434977578475,0.862728899903621,0.855032215063318,0.745470358022902,0.787703180212014,0.901209435995689,1.00093070479736,0.890707914643784,0.856617647058823,0.805555555555553,0.895191305642399,0.807689283748722,0.843912077056063,0.873058964056903,0.687056831410732
50,0.813402133742418,0.809504301515774,0.71956922204903,0.780730072013907,0.870355078447564,0.670906200317964,0.769557637829593,0.732954055684855,0.831648063033487,0.730324609266624,0.716360968451943,0.830093865554186,0.959026369168356,0.830016137708447,0.851851851851852,0.764077811905806,0.746547334310624,0.763332281476807,0.93864400448263,0.726352594773647,0.734673162809582,1.11922975468214,0.853228693377392,0.835481004221285,0.770691404551383,0.69469964664311,0.856424380313735,0.98053980878247,0.900756463813933,0.844520872865276,0.768395879323029,0.851719517641804,0.767355924207878,0.821519716802503,0.819632967748942,0.722192824637528
51,0.842549334077122,0.739860712822615,0.673799064758395,0.801589272411224,0.860537664005873,0.652950528383054,0.818914796251908,0.745280579260409,0.847012475377545,0.720614075649681,0.667938371239911,0.798994974874371,0.92973630831643,0.830446476600323,0.870958259847149,0.755228901565014,0.776097523339248,0.790075733669927,0.974971983563691,0.762145748987854,0.763499796995534,1.11936164600369,0.969296433980449,0.855254387913797,0.73807798231628,0.788409893992932,0.926954855705904,0.899060834249936,0.910805012984081,0.871323529411765,0.719278881530536,0.883504540717581,0.850145451686453,0.880217337614226,0.765446845477252,0.70240237062123
52.001,0.818492434279339,0.792912740680047,0.648859288649569,0.82058604420164,0.877511698320947,0.645188441036192,0.825779036827197,0.783897939832773,0.808535784635588,0.724960695459169,0.667938371239913,0.833033089978193,0.901257606490872,0.905863367401829,0.784146580442877,0.817025010969723,0.831417328909806,0.783212369832755,0.91735151288756,0.771347073978652,0.743300852618757,1.240305987866,0.854192482445271,0.867251721839592,0.761704594868821,0.792791519434632,0.862411687223089,0.891869024452154,0.988257875127018,0.840014231499051,0.785504047093449,0.869807949977668,0.85816495007469,0.830575450728575,0.786296014768162,0.741030796909726
53,0.807475071473398,0.809709135600164,0.663454725804166,0.781971691085175,0.943664556381319,0.649770878144581,0.843647853562867,0.772347211447289,0.899803020354564,0.669934338296495,0.732355099046222,0.850289181757845,0.920162271805273,0.849596557288867,0.772094846168921,0.756545268392569,0.767301905717152,0.805932470810983,0.93397459843108,0.724696356275302,0.709500609013398,1.24202057504616,0.814539446509706,0.906798489224617,0.77141614726772,0.813427561837456,0.822057238654053,0.905744986885523,0.890707914643784,0.813685958254268,0.763796909492273,0.817254726812564,0.799905652960137,0.877500617436404,0.841133673580195,0.727378558577628
54,0.812635102154662,0.865424006554689,0.777525860847385,0.75018624286069,0.91806587760345,0.634153184326195,0.839071693179341,0.796914059132833,0.9086014445174,0.68093960972903,0.690682318415262,0.818716222622547,0.921784989858012,0.861538461538462,0.824710954340584,0.795890010238409,0.800169739989198,0.764910066266962,0.933787822189019,0.748803827751196,0.737819732034104,1.24782379319441,0.805452292441139,0.911130859808932,0.754167270618931,0.823886925795053,0.86839899413244,0.907606396480244,0.843287794964434,0.842030360531308,0.755886681383371,0.888566324251897,0.793144115103389,0.887626574462831,0.821913345640136,0.734045930786328
55,0.800362596750575,0.878738222040148,0.727504605356384,0.76744474795133,0.977704376548308,0.646684747030769,0.833188058400522,0.766744246185673,0.873276428102429,0.679644871913438,0.75832721936904,0.818242154167061,0.897119675456389,0.853899946207639,0.779443464628649,0.791648383794062,0.776714759663607,0.7775323445882,0.905584609637653,0.730217151269782,0.779537149817296,1.34291743603271,0.860112901005094,0.925461008664742,0.818379475286273,0.683392226148412,0.827685307148845,0.944073102631356,0.907643671672124,0.7957779886148,0.836644591611478,0.873753163614708,0.820033021463952,0.903103646991027,0.850363774568358,0.772886019684623
56,0.811868070566906,0.840639082343301,0.763497236786168,0.785696548298982,0.981924947242866,0.640699523052464,0.839834386576598,0.775967589000948,0.900984898227184,0.68491630444835,0.706823184152604,0.849056603773585,0.933387423935091,0.814954276492739,0.827356456986085,0.787260494368875,0.789831031556208,0.791337961502051,0.922674635786328,0.706385719543614,0.759642712139666,1.15061988921129,0.889301941346551,0.87980448789158,0.827366284968836,0.791236749116609,0.834391090887319,0.927658854387004,0.884272326973015,0.820801707779885,0.80316409124356,0.878145005210659,0.863983017532825,0.863011443154689,0.880334455424043,0.728966028151128
57,0.83195035213723,0.790249897582958,0.747909876718153,0.758505090638191,0.948068630149555,0.658281118488731,0.79930268032251,0.794845271959314,0.920288903479974,0.698603532784611,0.693617021276597,0.781359628330331,0.861419878296146,0.824852071005918,0.811189496374682,0.814538540295451,0.784507368258622,0.814373619438309,0.955267090026149,0.731137283768862,0.741575314656922,1.2217093115273,0.831199228968746,0.850922017329482,0.787650384113639,0.854982332155479,0.840138905520298,0.962941027159658,0.932821497120921,0.820090132827325,0.742457689477554,0.833556647312788,0.876798490447362,0.871243928542027,0.800846997502444,0.702296539316329
58,0.813262673453734,0.806022122081114,0.667280714184498,0.765706481251552,0.972749793559041,0.700925839334144,0.801045979516235,0.794586673562624,0.882337491792515,0.753352446129659,0.723257520176083,0.747321513226511,0.857931034482758,0.864120494889726,0.774838330393886,0.838379406172297,0.774168659825631,0.806800252445568,0.96012327231976,0.730033124769967,0.776593585058871,1.20627802690583,0.853504061682501,0.89124638969118,0.836932888824467,0.792932862190814,0.787091366303436,0.898299348506641,0.935869933386023,0.874644212523719,0.790286975717437,0.850751823730832,0.849830961553581,0.861529595784968,0.843088283201217,0.701979045401629
59,0.862073774492713,0.836132732486687,0.736290208303811,0.779488452942638,0.934581154234334,0.678200692041524,0.868054042275006,0.825618481165416,0.764674983585031,0.752797558494405,0.676155539251652,0.820707310135583,0.874482758620689,0.852824098977945,0.803840877914953,0.902003802837502,0.750019288635135,0.78408015146734,0.977400074710496,0.765918292234082,0.749086479902557,1.19744130836191,0.873881316260499,0.877693845812042,0.757356138570806,0.782897526501768,0.764339600047898,0.893730434046874,1.04888788528847,0.820920303605313,0.803348050036792,0.808917671579574,0.91461592892523,0.846546472380012,0.833423824519494,0.759974600486824
60,0.843734746530925,0.854567800081932,0.769165367719994,0.799726843804321,0.969905495917056,0.685962779388386,0.885487034212246,0.81087837255409,0.756270518713067,0.695181725700545,0.751137197358768,0.815587370816345,0.856064908722109,0.839053254437872,0.834901038604742,0.867632002340208,0.75009644317568,0.7948879772799,0.981509152035862,0.695344129554656,0.763093788063337,1.26193616460037,0.901280462618751,0.860142190624306,0.804029569502826,0.718021201413429,0.874027062627229,0.897960910398511,0.999774189906289,0.821631878557874,0.732523914643119,0.858865564984367,0.919647771051182,0.869432781756814,0.828320121620155,0.782199174515823
