Time,004_Cond1_cell1,004_Cond1_cell2,004_Cond1_cell3,004_Cond1_cell4,004_Cond1_cell5,005_Cond1_cell1,005_Cond1_cell2,005_Cond1_cell3,005_Cond1_cell4
-4.99914,1,1,1,1,1,1,1,1,1
-4.4992,1.000690388,0.999022052,0.998879833,1.001224088,0.999598632,0.999294385,0.99957393,0.999162971,0.999003182
-4,0.995397415,0.998478747,0.99995049,0.999285948,0.997215121,0.999475431,0.998693386,0.999007685,1.000053401
-3.5005,0.995462324,0.999386385,0.999554409,1.00011658,0.99789436,0.999145835,0.996903893,0.995458832,1.000320406
-2.9998,0.996518558,0.999757111,0.999319235,0.999956283,0.995529374,0.999285101,0.997249483,0.997023054,0.998820728
-2.5005,0.99724435,0.999322467,0.997722533,0.999985428,0.994640189,0.997423578,0.996842349,0.996829894,0.999408139
-1.9999,0.997734112,0.998817514,0.999579164,0.999890706,0.996739654,0.998110624,0.997204509,0.996807169,0.997881761
-1.5005,0.999392223,0.998446788,0.998570394,0.998812343,0.996628506,0.997330734,0.996603277,0.996322374,0.998099815
-0.9993,1.000778899,0.999220198,0.997406905,0.999278662,0.994102973,0.998444862,0.998260215,0.99643221,0.99563892
-0.4995,0.995810468,0.997948226,0.997116033,0.99879777,0.993917726,0.995701321,0.996937032,0.995114173,0.995670071
0,0.998843453,0.999252157,0.999449199,0.998338737,0.994862485,0.995056055,0.997405708,0.994981612,0.994984758
0.4995,1.005877146,1.006065836,1.007110897,1.005471966,1.003661714,0.999935009,0.998785701,1.000435558,0.990846183
0.9995,0.940485042,0.948916587,0.942165946,0.986126999,0.931199289,1.030972773,1.052094133,1.045775275,1.029811094
1.5001,0.924966071,0.929715564,0.925864726,0.968363146,0.908839984,1.060302207,1.095439633,1.097152207,1.020167768
2.0005,1.014858087,1.015167785,1.026537445,1.014980509,0.979882183,1.130427315,1.139365061,1.165387136,1.083585875
2.5001,1.044214315,1.052304251,1.064895441,1.038041459,0.996900201,1.184578604,1.168105836,1.21347655,1.107887769
2.9995,1.042638815,1.062563119,1.071474103,1.045531713,0.995862818,1.220950259,1.180655958,1.246681236,1.125318737
3.5008,1.054280994,1.079469479,1.088084761,1.057007541,1.000549566,1.244407307,1.191319538,1.268239474,1.142656253
4.0005,1.062335517,1.097219559,1.103773293,1.068782105,1.008718956,1.256226354,1.198337854,1.277045325,1.141668335
4.4996,1.057384788,1.098414829,1.104243639,1.070057197,1.004285379,1.266606318,1.200127348,1.286998777,1.154849476
4.9995,1.069540332,1.116970278,1.122816138,1.081758898,1.012584442,1.274224172,1.204612916,1.293895746,1.164706406
5.5004,1.065846463,1.115775008,1.121442231,1.083157856,1.011256839,1.279339879,1.209420403,1.293577599,1.163362481
6,1.063261934,1.117443273,1.123484525,1.082793544,1.010200931,1.282840099,1.213550913,1.29703934,1.162583717
6.5007,1.070761787,1.127024609,1.133912602,1.086371088,1.014918553,1.283141842,1.216725133,1.298035443,1.158565294
7.0002,1.064819732,1.122358581,1.126158074,1.086239936,1.009731639,1.28699487,1.222808463,1.301277511,1.166926996
7.5,1.067227238,1.133422819,1.138869807,1.089285584,1.014591284,1.286618852,1.22409614,1.299050483,1.157661927
8,1.069953384,1.134956855,1.141679508,1.091070713,1.014832105,1.287347678,1.227225386,1.298296778,1.161484547
8.5,1.069510828,1.136299137,1.144668684,1.089314729,1.015165549,1.291534944,1.229251585,1.301008601,1.168168569
9.0004,1.076904467,1.144742729,1.151860035,1.09105614,1.018024527,1.293921036,1.23021971,1.299546641,1.17041141
9.5008,1.077051986,1.147746884,1.154966797,1.096280375,1.019734973,1.292249843,1.227878693,1.297421874,1.165823376
10.0009,1.071764914,1.140626398,1.151754826,1.0928777,1.014702432,1.296878119,1.230252849,1.297183264,1.174412033
10.4995,1.078037411,1.151997443,1.161508327,1.098837845,1.02111815,1.296794559,1.231190202,1.299255006,1.17696638
11,1.071782616,1.141604346,1.154230334,1.0928777,1.014418386,1.296840981,1.228569873,1.298535388,1.17974323
11.5005,1.074620877,1.150821349,1.165531027,1.099238588,1.023001494,1.298758211,1.230439846,1.299092145,1.186075696
11.9995,1.082639995,1.159821029,1.170834803,1.104674123,1.026342114,1.303618597,1.229481189,1.299796613,1.19285317
12.5004,1.0787396,1.155653563,1.170364457,1.101125724,1.026119818,1.300220505,1.227159109,1.298096042,1.188572191
12.9996,1.082480675,1.159066795,1.170909068,1.102714124,1.025292381,1.299347771,1.227679861,1.297694571,1.185937743
13.5,1.082498377,1.164058805,1.178001399,1.105133156,1.027737641,1.303302927,1.224410959,1.296031875,1.190734931
13.9994,1.077411931,1.155423458,1.167845627,1.102808845,1.023915379,1.307258083,1.225523474,1.298020293,1.194740004
14.5007,1.084941288,1.164621285,1.178038531,1.105198732,1.028768849,1.305791147,1.227679861,1.298641437,1.187811228
15.0004,1.083867351,1.162818792,1.175878651,1.103348027,1.02752152,1.301798853,1.22085801,1.296421984,1.18248893
15.5003,1.087779548,1.169689997,1.184908066,1.106430107,1.030077927,1.306464267,1.221246207,1.295512993,1.187873529
16.0001,1.085012097,1.171594759,1.183589858,1.107581333,1.031806899,1.307002762,1.219899353,1.295804628,1.18574194
16.5003,1.089343247,1.175474593,1.18825619,1.108798135,1.032757833,1.307754799,1.21825425,1.294581277,1.184794072
17.0007,1.098654629,1.179801854,1.192569763,1.113242741,1.035159868,1.309713808,1.215420886,1.296884054,1.187513072
17.5004,1.093827816,1.180306807,1.191845677,1.115734635,1.03532659,1.308000836,1.214109538,1.294827462,1.185047727
18.0003,1.09314923,1.178370086,1.192340778,1.113111589,1.034974621,1.309783441,1.215169978,1.294956236,1.186591905
18.4995,1.098802148,1.179399169,1.197551723,1.113162592,1.035950255,1.311983845,1.214720238,1.295422094,1.19231916
18.9995,1.093450168,1.179162672,1.198337696,1.115916791,1.034622652,1.312480561,1.214199486,1.294581277,1.193885588
19.4994,1.099350918,1.185222116,1.202063336,1.117009727,1.034412705,1.31479702,1.21344913,1.296456071,1.190988586
20.0001,1.094866348,1.179379994,1.197972559,1.118343109,1.033332098,1.314453497,1.213056199,1.295399369,1.195710122
20.4997,1.100200625,1.186091403,1.205547613,1.120303108,1.038475788,1.315233387,1.214031425,1.29474035,1.193685335
21.0002,1.103139199,1.186967082,1.210065415,1.123647492,1.038488138,1.319104983,1.212388689,1.294354029,1.197717108
21.5004,1.095379713,1.181700224,1.205683766,1.121811359,1.034425055,1.318366873,1.209846473,1.29380106,1.196791491
21.9994,1.103286717,1.187107702,1.215127829,1.124244963,1.03957492,1.320098415,1.210769624,1.293990433,1.199684044
22.4995,1.10196495,1.18731224,1.210158247,1.123829648,1.038167043,1.322651626,1.213853896,1.296645444,1.201917985
23.0005,1.102289491,1.18787472,1.214471819,1.12680972,1.040173885,1.319680616,1.20911742,1.294425991,1.197895112
23.5004,1.102614032,1.19096836,1.215319681,1.128026522,1.042026354,1.320906158,1.20689949,1.29121801,1.197134148
23.9995,1.101044433,1.192924257,1.217974663,1.12960035,1.04471861,1.320242323,1.206856883,1.294020733,1.19506041
24.5005,1.103115596,1.187209971,1.213141234,1.127764217,1.040031862,1.322210617,1.207346863,1.29302463,1.200178003
24.9996,1.10149289,1.193218281,1.216124221,1.128536559,1.042687069,1.319606341,1.203519336,1.289703025,1.204151926
25.4994,1.111394347,1.198446788,1.225475452,1.131720646,1.044397515,1.322229186,1.202608021,1.293157191,1.202331843
26.0003,1.102861863,1.193416427,1.218513086,1.130926445,1.039920714,1.320562635,1.205112364,1.292623159,1.200809915
26.4994,1.105717826,1.191697028,1.221545583,1.130547561,1.044502488,1.321384305,1.201029195,1.290195395,1.195376366
26.9994,1.106685549,1.193186322,1.224658535,1.129804364,1.044823583,1.32325047,1.202532275,1.292301224,1.193213626
27.5003,1.106201688,1.191716203,1.22131041,1.133476629,1.045317575,1.324476011,1.202579616,1.292331524,1.196911644
27.9994,1.108461675,1.198152764,1.230723529,1.135247186,1.047552888,1.321857809,1.200288307,1.289824224,1.196809292
28.5003,1.109358589,1.194509428,1.227294951,1.132871871,1.045644845,1.32449458,1.199078742,1.289998447,1.196671339
28.9994,1.107552959,1.19409396,1.222560542,1.133855514,1.04590419,1.329902746,1.199535584,1.289646213,1.204547983
29.5,1.107423143,1.193921381,1.226719395,1.134197967,1.047065071,1.327131351,1.196761396,1.287642645,1.200907817
30.0008,1.108160736,1.193084052,1.223377459,1.133163321,1.045397849,1.329665994,1.199334384,1.288737222,1.204743787
30.4998,1.108154836,1.195691914,1.22744967,1.135079602,1.04892989,1.329359608,1.195357733,1.285430767,1.20435663
30.9994,1.105410987,1.192010227,1.224559514,1.132259827,1.045552221,1.333551517,1.19772242,1.288763734,1.202069288
31.4996,1.110568242,1.194976031,1.231781809,1.133119604,1.046157361,1.329262122,1.198813632,1.287237387,1.196795942
31.9993,1.105104148,1.188079259,1.22025213,1.130766148,1.04500883,1.335580159,1.201422126,1.290358256,1.193000022
32.5003,1.110066678,1.199539789,1.230036576,1.135028598,1.048738468,1.329563865,1.194820412,1.287642645,1.188959349
33.0008,1.110107984,1.196490892,1.231243386,1.132675143,1.044508663,1.326903883,1.198214768,1.289328066,1.191754
33.5,1.112226353,1.197909875,1.236485274,1.135334621,1.049108962,1.326374672,1.197059645,1.288222127,1.189279754
34.0001,1.109346787,1.191371045,1.230661641,1.131873657,1.046873649,1.329712416,1.193980107,1.285862538,1.193769886
34.5005,1.109175665,1.199105145,1.237685895,1.13721447,1.052418707,1.329276049,1.194396709,1.286525344,1.201860134
34.9994,1.108762613,1.199284116,1.232239778,1.135990382,1.048176553,1.333138361,1.19367239,1.284233929,1.192813119
35.4998,1.111583171,1.197155641,1.229603362,1.133323618,1.047009497,1.327474874,1.190571549,1.283165864,1.189996217
35.9994,1.109978167,1.196407798,1.227573445,1.136806441,1.048411199,1.324814892,1.19147103,1.286097361,1.185626238
36.4998,1.108750811,1.193486737,1.226168594,1.137484061,1.046354958,1.328018012,1.189454299,1.283003003,1.197605856
37.0007,1.108620995,1.193467562,1.225871534,1.133549492,1.048355625,1.332056728,1.192604849,1.284809623,1.199101084
37.5007,1.110349914,1.198024928,1.234647209,1.137170753,1.050566238,1.3354966,1.19163909,1.285317143,1.201464077
37.9998,1.109801145,1.192611058,1.228025225,1.134984881,1.049880824,1.326110067,1.189099241,1.285449704,1.197476804
38.4993,1.110190594,1.194694791,1.233075262,1.138198113,1.049985798,1.328073718,1.18793465,1.284552076,1.192390361
39.0002,1.114031982,1.199060403,1.242463626,1.137425771,1.051646845,1.326309681,1.185539191,1.282480334,1.188002581
39.5006,1.106951083,1.195314797,1.233093828,1.13512332,1.04711447,1.324629204,1.185872946,1.282400797,1.193756536
40.0003,1.116280168,1.200242889,1.241863315,1.139684506,1.052116137,1.322698048,1.184256248,1.281904639,1.185417084
40.4995,1.110048976,1.194285714,1.232307854,1.137258188,1.047515839,1.323371167,1.184597104,1.281442569,1.191304541
40.9993,1.115023308,1.202441675,1.239722,1.142445991,1.051924716,1.323074066,1.184753329,1.278988293,1.190721581
41.5002,1.108626896,1.197136465,1.227028833,1.137403913,1.048800217,1.324099993,1.187096713,1.281715266,1.196778141
42,1.113565823,1.201457335,1.238471869,1.140158111,1.049355958,1.325088782,1.18520307,1.282207636,1.197579156
42.5005,1.110467929,1.196375839,1.234579133,1.140223688,1.050368641,1.324912378,1.185823238,1.281389544,1.19783281
42.9993,1.11000177,1.196880793,1.22880501,1.141178185,1.050399516,1.327651278,1.183096391,1.278333062,1.194250495
43.5008,1.111642179,1.196842442,1.230228427,1.142387701,1.051436899,1.32247058,1.18079088,1.277602082,1.19286652
44.0002,1.112238154,1.200664749,1.237326947,1.144529855,1.051788868,1.323454727,1.180388481,1.277692981,1.192016554
44.4993,1.109594619,1.200319591,1.232802956,1.141935954,1.052468107,1.323134415,1.181796878,1.277219548,1.188865897
45.0002,1.108438072,1.197385746,1.227344461,1.140311122,1.049047213,1.322563424,1.180554175,1.277204398,1.19013417
45.4996,1.11314687,1.200767018,1.231849885,1.144916026,1.054802218,1.320924727,1.181576742,1.275814399,1.190178671
46.0006,1.10905765,1.198108022,1.230636886,1.144653721,1.051819742,1.319680616,1.179853527,1.276295407,1.188055982
46.4997,1.108603293,1.199814637,1.229844724,1.143079894,1.051146679,1.318849662,1.175625968,1.275037969,1.191980954
46.9997,1.111553667,1.201188878,1.235433183,1.146621006,1.052023514,1.319569204,1.175815332,1.273988842,1.19672919
47.5001,1.106260695,1.203496325,1.232524461,1.14490874,1.050356292,1.316937075,1.176409463,1.271996637,1.199350288
48.0007,1.10873901,1.202863535,1.236732825,1.143385916,1.054190903,1.318524708,1.175699346,1.271735302,1.200943417
48.5001,1.105688322,1.2,1.229281546,1.146686582,1.050461265,1.319406727,1.175216467,1.270083968,1.202638898
48.9993,1.108750811,1.202748482,1.238608022,1.146227549,1.053184395,1.317447717,1.175064976,1.269780971,1.194748904
49.5,1.112592199,1.205918824,1.237716839,1.145484353,1.050807059,1.314495277,1.173403303,1.270754349,1.193040073
50.0001,1.107901103,1.198817514,1.228377985,1.143750228,1.052048214,1.317503424,1.174766727,1.270383178,1.194619852
50.4992,1.111453355,1.204736337,1.236460519,1.145382345,1.052566905,1.318320451,1.172662415,1.269474187,1.197022896
50.9992,1.110084381,1.203195909,1.230042764,1.142555284,1.05106023,1.323087993,1.172307357,1.270682387,1.194913557
51.5,1.111063905,1.210425056,1.236281044,1.147050894,1.053073247,1.320947938,1.171819744,1.269084078,1.195558819
51.9999,1.10921107,1.20966443,1.234851439,1.146584575,1.050714436,1.32059513,1.169663358,1.266436641,1.189773713
52.5005,1.106644244,1.204308086,1.235402239,1.145666509,1.04896694,1.319564561,1.167159014,1.265713236,1.192733017
53,1.106526229,1.208066475,1.234498679,1.146351415,1.052832426,1.317313093,1.166429961,1.264171739,1.188216185
53.5,1.105888948,1.205004794,1.236107759,1.145979817,1.052128487,1.316992781,1.167208722,1.263944491,1.189190753
53.9999,1.106608839,1.205055928,1.233229981,1.144631863,1.051708594,1.318923938,1.167182685,1.265126179,1.187179316
54.5004,1.110450227,1.208916587,1.237289814,1.146526285,1.053437566,1.316389295,1.166373152,1.265361002,1.188158334
54.9999,1.106992388,1.204397571,1.232672992,1.145426063,1.050368641,1.317313093,1.16635895,1.264921656,1.188438689
55.5004,1.107895203,1.208187919,1.238298583,1.150089256,1.053128821,1.314495277,1.163411967,1.263489995,1.190761631
56.0001,1.107098602,1.20949185,1.23771065,1.149826952,1.051912366,1.317679827,1.164027401,1.262967326,1.195558819
56.5004,1.104224937,1.208002557,1.236646182,1.147917957,1.049615304,1.318682543,1.163838037,1.258187548,1.195977127
56.9993,1.102543223,1.203157558,1.227152609,1.147604649,1.049022514,1.314267809,1.163890112,1.258161035,1.189755913
57.5002,1.105711925,1.206359859,1.23303194,1.147619221,1.049473281,1.31747557,1.161515956,1.257657303,1.194468549
57.9992,1.103257214,1.201706616,1.220753421,1.14570294,1.045465773,1.315460855,1.162694749,1.256490764,1.192443762
58.5005,1.104042013,1.205465005,1.230302693,1.147925243,1.048083929,1.312926212,1.162110087,1.258172398,1.186712057
59.0001,1.102265888,1.201770534,1.226484222,1.144945171,1.045175552,1.310071258,1.159669654,1.2591685,1.181185057
59.5001,1.100725792,1.205241291,1.235426994,1.149083755,1.047398516,1.30898034,1.158107398,1.256297604,1.181340809
60.0007,1.107853897,1.207350591,1.237840614,1.149105614,1.048676719,1.309713808,1.157215018,1.257395968,1.184362415
60.5,1.099392223,1.197941834,1.233019563,1.144945171,1.047089771,1.31136179,1.158604479,1.254831856,1.185012126
61,1.100938219,1.205279642,1.239511582,1.148500856,1.050578588,1.314889864,1.156699001,1.255384825,1.185546136
61.4992,1.101068036,1.203886226,1.233966444,1.144427848,1.050029022,1.310243019,1.152355456,1.25413875,1.177046481
62.0005,1.102366201,1.205260467,1.238156242,1.146854166,1.049349783,1.312192744,1.154367452,1.250798208,1.17753599
62.5003,1.101717118,1.205068712,1.239301164,1.14717476,1.050059897,1.311691386,1.15225604,1.250430824,1.178430456
63.0001,1.101085738,1.205912432,1.245069098,1.148719443,1.050590938,1.307791936,1.151399166,1.249199898,1.17480364
63.4992,1.098235676,1.197865133,1.234554378,1.144478852,1.047052721,1.309685955,1.1530348,1.249631669,1.178319204
63.9992,1.099881985,1.203643337,1.23881844,1.146118256,1.048812567,1.312517698,1.151929386,1.251453439,1.176592573
64.5006,1.098690034,1.198932566,1.231738487,1.144639149,1.046040038,1.307564469,1.151304484,1.25030205,1.175546804
64.9996,1.102372101,1.198798338,1.229399132,1.141418631,1.045564571,1.307350927,1.149361132,1.248756765,1.175039494
65.4994,1.100560571,1.201834452,1.234504867,1.146242122,1.049263335,1.309282083,1.146998812,1.248802215,1.1753421
66,1.099982298,1.199034835,1.230185106,1.143079894,1.042792042,1.309862359,1.145796348,1.248124259,1.173753421
66.4992,1.102059362,1.201220837,1.235773565,1.148056395,1.048114804,1.30727201,1.143616291,1.247881861,1.167728011
67.0007,1.100802502,1.201987856,1.238051033,1.144405989,1.048145678,1.310883643,1.147545601,1.245889656,1.16769686
67.4992,1.098513011,1.196222435,1.231781809,1.14661372,1.045027355,1.313316157,1.145751374,1.247650826,1.176668224
67.9992,1.099073582,1.201099393,1.232233589,1.14485045,1.047034197,1.315911148,1.144892133,1.246946358,1.17149723
68.4999,1.10023603,1.203528284,1.235637412,1.145134613,1.047095946,1.308483625,1.146773942,1.247529627,1.171897737
69,1.095379713,1.196241611,1.225654927,1.140697293,1.043705927,1.303669661,1.1448945,1.24825682,1.169120886
69.4992,1.100407152,1.199392777,1.23152188,1.143407774,1.04684895,1.306770652,1.147131367,1.247279655,1.170228957
69.9993,1.098813949,1.199731544,1.226905058,1.143895952,1.043316908,1.30887357,1.147223682,1.245874506,1.165792226
70.5007,1.100324541,1.204193033,1.237240304,1.146708441,1.047596112,1.30851612,1.145180914,1.244840529,1.171479429
70.9998,1.096565764,1.196752956,1.22749918,1.140566141,1.043465106,1.305614744,1.142274171,1.245033689,1.170607214
71.4998,1.098949667,1.201597955,1.235284652,1.143713796,1.046336433,1.301952046,1.139843206,1.241821921,1.168026166
71.9997,1.097462678,1.201259188,1.230556432,1.140733724,1.042693243,1.304964835,1.13937453,1.239780479,1.166824645
72.4992,1.093615389,1.198561841,1.228712179,1.142249262,1.045354624,1.303869276,1.140113051,1.240590996,1.167776962
73.0006,1.094907653,1.199968041,1.228396552,1.142686437,1.043854124,1.307337001,1.139978128,1.240965954,1.169071936
73.5,1.098400897,1.199354426,1.231113422,1.142926883,1.044928556,1.303539679,1.136721062,1.240094838,1.165529671
73.9995,1.094134655,1.193064877,1.228743123,1.139524209,1.042977289,1.303358633,1.14070008,1.241924183,1.166958147
74.5001,1.092659468,1.19416427,1.22910826,1.140813873,1.044236968,1.304263863,1.138406404,1.238182169,1.167732461
75.0004,1.095633445,1.194534995,1.231565202,1.141134468,1.044236968,1.302796927,1.134088897,1.236826258,1.166886946
75.4991,1.095019768,1.194330457,1.235538392,1.14223469,1.045478122,1.301817422,1.134597814,1.236788383,1.16438155
76.0002,1.094022541,1.193582614,1.231039156,1.141156326,1.047522014,1.30010445,1.13264026,1.236489174,1.166455288
76.4999,1.094665723,1.191697028,1.228780255,1.139801086,1.043162536,1.302536964,1.134067594,1.234769665,1.167478806
77.0006,1.091544226,1.192841163,1.229875668,1.139174469,1.04473096,1.303405055,1.134342172,1.235121899,1.168702579
77.5,1.091927775,1.191128156,1.231750865,1.139961383,1.044724785,1.297309844,1.133288833,1.233209231,1.164675255
77.9995,1.092405736,1.190846916,1.22905875,1.138409414,1.044311067,1.299691294,1.131634262,1.231690458,1.168555726
78.5004,1.093650794,1.195775008,1.230135596,1.139451346,1.047108295,1.295801128,1.1306472,1.231319287,1.163015375
79.0006,1.094305777,1.194407159,1.230581187,1.140609858,1.043897348,1.298735,1.130043601,1.23046332,1.162543666
79.5002,1.090517496,1.193173538,1.227889072,1.137950381,1.042545046,1.292291623,1.12797953,1.228615038,1.163131077
79.9999,1.093261344,1.19704698,1.230253183,1.138657146,1.042477122,1.297328413,1.126713156,1.228395366,1.166766793
80.4999,1.089030507,1.194439118,1.226490411,1.137017742,1.04323046,1.298423972,1.126810205,1.229012722,1.165262666
80.9998,1.089307842,1.195717482,1.227672466,1.138096106,1.04137799,1.297346981,1.128528686,1.229186945,1.166134882
81.4999,1.090877441,1.19107063,1.224862764,1.13932748,1.041013671,1.297203073,1.126232644,1.228936973,1.167238502
81.9999,1.088959698,1.191824864,1.227913828,1.137753652,1.040173885,1.294301697,1.128320386,1.2287476,1.170785217
82.4999,1.086032926,1.190591243,1.228068547,1.135866516,1.037135835,1.292477311,1.127259945,1.227857546,1.167901564
83.0003,1.084711158,1.183630553,1.220543003,1.135174323,1.035437739,1.289204559,1.123967373,1.227134141,1.165805576
83.4998,1.089880215,1.192419303,1.227746731,1.13597581,1.039803391,1.291158926,1.121683165,1.225391908,1.161675901
84.0002,1.089614681,1.186340684,1.223804484,1.13597581,1.03865486,1.291864541,1.121709203,1.227130353,1.166272834
84.4991,1.087378297,1.18801534,1.225178391,1.134285402,1.038716609,1.288113641,1.119062836,1.223589075,1.162668269
84.9999,1.086811825,1.18682007,1.222436766,1.136296404,1.037284033,1.287315182,1.120075935,1.224797276,1.157991233
85.4999,1.085153715,1.187126878,1.22312372,1.134401982,1.036777691,1.286377457,1.120400222,1.22595624,1.160291925
86.0001,1.084026671,1.184346437,1.223420781,1.132405552,1.036623319,1.285783256,1.119337414,1.224187495,1.151943573
86.4994,1.087986074,1.186417386,1.227474425,1.133083172,1.036376323,1.283949586,1.116636605,1.222021066,1.156656209
86.9992,1.086593497,1.181917546,1.224219132,1.132769864,1.036518346,1.28497087,1.118433199,1.222763409,1.159094853
87.5004,1.086127338,1.181642697,1.218599729,1.129534774,1.035734134,1.288044008,1.116821235,1.221403709,1.158578644
87.9998,1.086711512,1.184800256,1.22463378,1.133702503,1.034320082,1.284177054,1.114442346,1.222490711,1.155904145
88.4992,1.084286304,1.179034835,1.215579609,1.13124704,1.032356465,1.288415384,1.117893511,1.219718289,1.162085308
89.0001,1.087024252,1.185535315,1.226267615,1.136055958,1.035419214,1.286047861,1.114212741,1.218260115,1.153688005
89.5005,1.08417419,1.183016938,1.225128881,1.134329119,1.033665543,1.284195622,1.114818707,1.216381534,1.152566584
89.9991,1.081678173,1.184186641,1.224868953,1.133768079,1.033153026,1.284028503,1.11296057,1.217847282,1.152646686
90.4994,1.082138432,1.1785938,1.217850888,1.129403621,1.03081274,1.284748044,1.11390029,1.216385321,1.151049107
90.9993,1.083359887,1.182511985,1.223228929,1.134751721,1.033807565,1.284478797,1.114115692,1.214680963,1.154048461
91.5004,1.082805216,1.181674656,1.219057698,1.134176108,1.031837773,1.283253255,1.10820279,1.21325309,1.151511915
92.0002,1.082232844,1.183688079,1.224875142,1.132842727,1.031566078,1.288099715,1.110946206,1.214078757,1.154337717
92.5004,1.07724671,1.181067434,1.21920004,1.135516777,1.030399022,1.285917879,1.111564008,1.211014699,1.158712146
92.9998,1.076391102,1.179418345,1.216322262,1.133199752,1.031201759,1.28166098,1.108101007,1.209950422,1.157933382
93.5005,1.076426506,1.178868648,1.220115978,1.134365551,1.031275857,1.283239329,1.110865726,1.210109496,1.160118372
94.0003,1.073446628,1.173358901,1.214032417,1.131523917,1.027540044,1.282334099,1.109492835,1.208874783,1.157479474
94.5004,1.073747566,1.174739533,1.211513587,1.130634996,1.028633001,1.282292319,1.109895234,1.209798924,1.158649845
94.9991,1.074308137,1.175928412,1.217120613,1.132864585,1.030053228,1.280347237,1.108643062,1.209200504,1.152441982
95.5003,1.076745147,1.175001598,1.215802405,1.129673212,1.03351117,1.278759604,1.105847571,1.209094456,1.146777029
95.9998,1.072850652,1.171684244,1.208252106,1.130817152,1.027410371,1.281521714,1.106593193,1.212677395,1.144365085
96.4991,1.073617749,1.17409396,1.214849334,1.135188896,1.032319415,1.281043567,1.106124517,1.209950422,1.141276728
97.0002,1.070673276,1.171096197,1.212540923,1.13204124,1.028330431,1.27588608,1.107350651,1.208973257,1.145401954
97.5004,1.071357762,1.165982742,1.209595069,1.130904587,1.029052894,1.275389365,1.104223772,1.206363695,1.142660704
97.9993,1.073847879,1.169990412,1.208809095,1.127239608,1.029923555,1.275027273,1.102966866,1.205602415,1.140368912
98.5,1.070679176,1.167925855,1.208629621,1.128383548,1.026243316,1.278202539,1.102955031,1.203276913,1.144992546
98.9993,1.070006491,1.169824225,1.208214973,1.127210463,1.026928729,1.277622264,1.102680452,1.203973806,1.148646063
99.5004,1.071145335,1.167861937,1.207849836,1.128813436,1.024779865,1.280746466,1.104654576,1.203000428,1.152419732
100.0001,1.068489998,1.167273889,1.209656956,1.126766002,1.025835772,1.282580136,1.102221244,1.203151926,1.151925773
100.4998,1.070207116,1.171927133,1.210944221,1.13107217,1.03051017,1.280491145,1.102294623,1.200273455,1.149113321
101.0003,1.067174131,1.161636306,1.201896239,1.127013735,1.026453262,1.28309542,1.100299196,1.20383367,1.148330107
101.4993,1.067144627,1.162224353,1.204062309,1.126022806,1.025811073,1.279590558,1.100886225,1.202273235,1.146421022
102.0005,1.06684959,1.16239054,1.202601759,1.122999016,1.025033036,1.27986909,1.100751303,1.201867977,1.147715996
102.499,1.065374403,1.156369447,1.196877147,1.121505337,1.022167883,1.277715108,1.097652829,1.197732067,1.141325679
102.9996,1.070130407,1.162978587,1.205374328,1.124470837,1.02626184,1.277742961,1.096843296,1.197482095,1.1479563
103.499,1.069935682,1.166430169,1.208066443,1.126605705,1.024582268,1.273838869,1.096419594,1.195122505,1.151124758
104.0003,1.065934974,1.161278364,1.198040635,1.122802288,1.020556235,1.271763805,1.095318913,1.196118608,1.151333912
104.4993,1.069398714,1.165356344,1.203536263,1.125024591,1.023427562,1.272163034,1.093581495,1.194395313,1.145548806
105,1.065610433,1.16274209,1.1998787,1.124325112,1.022766848,1.273889933,1.094854971,1.19469831,1.145655608
105.5003,1.066766979,1.162722915,1.201413515,1.12425225,1.021488644,1.274753383,1.093820568,1.194255177,1.146719178
105.9995,1.067221337,1.160830936,1.199098915,1.124303253,1.020803231,1.272859364,1.093221703,1.19544444,1.145526556
106.4999,1.068997463,1.16112496,1.194482093,1.122678422,1.020019019,1.273402502,1.093595698,1.193539346,1.141703936
106.9997,1.063840208,1.158798338,1.187841543,1.121468906,1.018691416,1.271810227,1.09269385,1.192543243,1.147173086
107.5005,1.066153301,1.164180249,1.198306753,1.119909651,1.019734973,1.271007126,1.090011977,1.189998068,1.140413413
108.0002,1.06251844,1.160875679,1.194680133,1.120915152,1.018012177,1.267172667,1.088364507,1.190967659,1.141521483
108.4999,1.0653567,1.158555449,1.19389416,1.118649131,1.017437911,1.269906924,1.089647451,1.189126952,1.140093007
108.9992,1.065675341,1.158402045,1.192718293,1.122029946,1.016610475,1.269493768,1.087668593,1.188615644,1.14084507
109.4998,1.067327551,1.159897731,1.190199464,1.120732996,1.016073259,1.268193951,1.086106338,1.188342947,1.138321874
110.0001,1.062294211,1.159597315,1.191257744,1.119844074,1.018259173,1.265041896,1.086664962,1.18903984,1.129595265
110.4997,1.063020004,1.160255673,1.194253108,1.119567197,1.017505835,1.264322355,1.085907505,1.18907014,1.130115925
111.0002,1.060665605,1.159399169,1.190279918,1.121359612,1.015560742,1.264990832,1.086383283,1.188467933,1.13260352
111.499,1.059007494,1.161374241,1.195930265,1.118984298,1.017005669,1.263825639,1.084579587,1.186975673,1.126195403
111.9991,1.064660412,1.16330457,1.195268067,1.120856862,1.016258506,1.261964116,1.083945217,1.184987255,1.127988786
112.4997,1.058086977,1.155564078,1.19203134,1.117002441,1.013467452,1.262219437,1.083931015,1.185953058,1.123529804
112.9991,1.058376114,1.15360179,1.190614112,1.115129877,1.012337446,1.262210152,1.083076508,1.185142541,1.12822019
113.4996,1.059042898,1.156337488,1.189184506,1.114605268,1.01299816,1.262757932,1.082586528,1.18397979,1.131539951
114.0004,1.053590606,1.153748802,1.188918389,1.118328537,1.012306571,1.260339345,1.080955627,1.183229872,1.123351801
114.4996,1.054357703,1.157807606,1.195657959,1.117140879,1.015603967,1.264118098,1.080089285,1.182290582,1.13204726
115.0002,1.056322653,1.15564078,1.190546035,1.118277533,1.014572759,1.26431307,1.082510782,1.180385488,1.134000846
115.4996,1.055337228,1.155627996,1.189933347,1.117490619,1.011880503,1.259856556,1.079312891,1.178866715,1.133573638
115.9996,1.056936331,1.159041227,1.19706281,1.117388612,1.014140516,1.261049602,1.078110428,1.179120475,1.128171239
116.4998,1.054517024,1.156490892,1.196221137,1.116244672,1.014004668,1.262892556,1.078183807,1.179707532,1.127708431
116.9991,1.052811707,1.152905081,1.190385127,1.115545193,1.010491151,1.260427547,1.078171971,1.179771919,1.127490377
117.499,1.054859267,1.151537232,1.190527469,1.115253743,1.011225964,1.258881693,1.075748108,1.177821376,1.127339074
118.0004,1.057921756,1.155615213,1.194723455,1.115712776,1.013418053,1.256152079,1.073989386,1.176056418,1.125723694
118.5002,1.056033516,1.154413551,1.194531603,1.116047943,1.01236832,1.250432885,1.072360853,1.174658844,1.118674766
119,1.049955744,1.147114094,1.185223693,1.110044082,1.007496326,1.256750923,1.070881444,1.173113559,1.122702089
119.4996,1.054458016,1.152502397,1.195490862,1.11308973,1.012689415,1.257465822,1.072457902,1.174215711,1.127477026
120,1.054269192,1.145816555,1.185508377,1.112244526,1.007823596,1.25562751,1.069520387,1.174639907,1.11888837
120.5001,1.054239688,1.149549377,1.1877549,1.111282743,1.009713114,1.255218996,1.070696813,1.173806665,1.12163407
120.999,1.051897091,1.147925855,1.182376859,1.110874713,1.004909044,1.252600794,1.07087671,1.169170811,1.122065728
121.4996,1.051796778,1.151287951,1.19368993,1.112761849,1.008502834,1.252029803,1.068554629,1.16921626,1.122359433
121.9991,1.055260518,1.154362416,1.190539846,1.112827425,1.007039383,1.254606225,1.067674085,1.171401626,1.120739603
122.4997,1.050870361,1.146558006,1.182791507,1.109752632,1.004470626,1.254559803,1.066833781,1.170125251,1.121295864
122.9991,1.052062312,1.150341962,1.187717767,1.112754563,1.005063416,1.251421674,1.066310662,1.170026777,1.123743408
123.4992,1.050893964,1.151064238,1.192637839,1.115217312,1.008410211,1.253849546,1.065946135,1.166534737,1.122314932
123.9989,1.049383372,1.145477788,1.18468527,1.111413895,1.006057575,1.248427454,1.063723471,1.16821637,1.117944952
124.4991,1.050829055,1.151249601,1.191907565,1.116339393,1.008509009,1.245999582,1.063022823,1.166493075,1.119030772
124.9995,1.047683956,1.146724193,1.188169548,1.110554119,1.005958776,1.246872316,1.065931933,1.166243102,1.115203702
125.4995,1.048988021,1.146180888,1.189599153,1.111996794,1.00726168,1.24641738,1.063427589,1.163413867,1.117437643
126.0001,1.048722488,1.146826462,1.188930766,1.113781923,1.005643857,1.244565142,1.063742408,1.162929072,1.117290791
126.4995,1.050581224,1.150354746,1.194228353,1.113927648,1.00906475,1.244908665,1.062090204,1.162360953,1.119226576
126.9995,1.048008497,1.14780441,1.190601734,1.110991293,1.005551233,1.243529931,1.060589491,1.16085733,1.115679861
127.499,1.04819142,1.149293704,1.195670337,1.114896718,1.006310746,1.239458719,1.057240109,1.158554553,1.111527935
127.9989,1.045778014,1.142959412,1.184561495,1.109905643,1.002821928,1.240229325,1.058551457,1.15885755,1.109396346
128.4995,1.046415295,1.148283797,1.190607923,1.111719917,1.007113482,1.241956224,1.054712095,1.158838612,1.11235565
129.0003,1.044934207,1.143068073,1.185768305,1.107457467,1.001969792,1.240145765,1.055940596,1.159039348,1.10846628
129.4991,1.044969611,1.146155321,1.189500133,1.11229553,1.005650031,1.239203398,1.058208235,1.158372755,1.110517767
129.9995,1.044178911,1.14555449,1.187327875,1.111770921,1.002834278,1.239384444,1.053912031,1.157001693,1.109258394
130.5001,1.044538856,1.144237776,1.186572845,1.113454042,1.001018858,1.238465288,1.053732135,1.156028315,1.108848986
130.9996,1.041157727,1.139910515,1.178211817,1.109279027,0.998073432,1.240452151,1.053793678,1.155744255,1.100109027
131.4995,1.039995279,1.142102908,1.181485676,1.10921345,0.998437751,1.23937516,1.053575909,1.154437581,1.105084218
131.9996,1.04000118,1.139635666,1.178007587,1.108390105,0.99730157,1.236984425,1.050378019,1.154706491,1.099445965
132.5002,1.041116422,1.139290508,1.180619248,1.112667128,0.998604473,1.234681893,1.05044903,1.153009707,1.102592172
132.9995,1.039741547,1.138414829,1.181652773,1.111355605,0.997573265,1.237889655,1.05193554,1.153880824,1.105573727
133.5001,1.040461439,1.140006392,1.17754343,1.109978506,0.996220963,1.238683471,1.04855302,1.154464093,1.104225352
133.9989,1.038201452,1.134707574,1.174059152,1.108156946,0.993195263,1.239746536,1.051907136,1.153388454,1.109414147
134.4991,1.042432289,1.1392969,1.181826058,1.110918431,0.997795561,1.235712462,1.051102337,1.15245295,1.101234898
134.999,1.036543341,1.136145733,1.176571793,1.108834566,0.994257345,1.236074554,1.047459441,1.150877366,1.102836927
135.5002,1.037711689,1.138657718,1.176441829,1.109657911,0.994788386,1.234881508,1.04629485,1.148998784,1.102819126
135.9998,1.040042485,1.141623522,1.177351578,1.110000364,0.995424401,1.235652113,1.04586878,1.149782789,1.10791892
136.499,1.037534667,1.140811761,1.174065341,1.11103501,0.9939486,1.234584407,1.046084182,1.147082328,1.101257148
136.9999,1.03716882,1.139169064,1.176782211,1.107246166,0.991904709,1.236162756,1.044779935,1.14410917,1.100006675
137.4989,1.031014339,1.134419942,1.171323716,1.104317097,0.990490657,1.23005826,1.04108733,1.14380996,1.090710455
137.9989,1.031214964,1.130674337,1.170475855,1.103522897,0.991194596,1.230220737,1.042375008,1.14206394,1.089820439
138.5003,1.035481206,1.135608821,1.174207683,1.109847353,0.992059081,1.226376993,1.040950041,1.140904976,1.091885277
138.9994,1.031728329,1.130220518,1.169535161,1.107115013,0.989842293,1.229631177,1.040460061,1.142264675,1.091097613
139.4995,1.032920281,1.132016619,1.171596022,1.105366316,0.989718795,1.228424204,1.041189113,1.13998841,1.095663396
140,1.032070573,1.133825503,1.174461422,1.106612263,0.991984983,1.229162315,1.038272902,1.137700783,1.095423091
140.4998,1.030105623,1.126621924,1.168934851,1.100316951,0.986057081,1.222649305,1.037716645,1.134894273,1.099138909
140.999,1.031592612,1.13135187,1.175433059,1.105308026,0.989113655,1.225578534,1.036703545,1.136753917,1.0986227
141.5,1.03141559,1.131537232,1.171738364,1.10615323,0.990095464,1.219552956,1.036800595,1.137375061,1.096001602
141.9989,1.031639818,1.129466283,1.171292772,1.10500929,0.988082447,1.219673653,1.035754357,1.135318469,1.097171973
142.4994,1.030347554,1.131108981,1.172536715,1.102182229,0.987106813,1.218531671,1.034495084,1.134754137,1.096357609
143,1.029273618,1.126289549,1.170667706,1.102327954,0.98610648,1.219850057,1.032838146,1.134045881,1.095801348
143.4994,1.025208001,1.122543944,1.16259755,1.098852417,0.984118163,1.217612515,1.033257114,1.132830106,1.092575039
143.9989,1.023850829,1.121904762,1.163631075,1.09766476,0.984309585,1.219822204,1.031065222,1.132682395,1.091471419
144.5002,1.027816133,1.126174497,1.170092151,1.101781486,0.985754511,1.21528213,1.031169372,1.132879343,1.092089981
145,1.025916091,1.126385427,1.169231912,1.102116653,0.983834118,1.217050809,1.029249691,1.13116741,1.08765325
145.499,1.02527881,1.120671141,1.164732676,1.098021786,0.983513023,1.212468955,1.026063636,1.129281253,1.090670405
145.9989,1.026813005,1.123662512,1.168216954,1.100236803,0.985550739,1.21543068,1.025928714,1.128815395,1.083959682
146.499,1.023284357,1.11957814,1.164918339,1.097978068,0.982031047,1.212501451,1.02582693,1.127307985,1.086620831
146.9994,1.027054936,1.125567274,1.171620777,1.100382528,0.986544898,1.211354827,1.023528521,1.126974688,1.088173909
147.499,1.026329144,1.123828699,1.165357742,1.094946993,0.986334951,1.212408607,1.024603163,1.126804253,1.081529938
148.0003,1.024476308,1.123010547,1.166991577,1.099704907,0.98703889,1.214887543,1.024570025,1.126607305,1.084716196
148.4994,1.024240279,1.123131991,1.169052437,1.099260447,0.985976807,1.21239468,1.023097717,1.126391419,1.080105912
148.9994,1.026706792,1.120690316,1.167400036,1.09704543,0.985192595,1.213620221,1.021694053,1.125353654,1.07836148
149.5003,1.02543223,1.123125599,1.165283477,1.098728551,0.985933583,1.209261194,1.022316589,1.123164501,1.071646308
149.9989,1.024942468,1.123112816,1.167690908,1.097861489,0.983926741,1.206308753,1.019201545,1.122656981,1.076314443
150.4993,1.023366968,1.121917546,1.165283477,1.099165726,0.982222469,1.207687487,1.019925864,1.119691398,1.079344948
150.9999,1.021531835,1.118549057,1.164466559,1.095092717,0.981814926,1.203449156,1.019424048,1.119058891,1.069906326
151.4999,1.022788694,1.120012784,1.167690908,1.096564538,0.982426241,1.201527285,1.017303168,1.119066466,1.077151058
151.999,1.023066029,1.121994247,1.169460896,1.099049146,0.983655046,1.197488569,1.015125478,1.117801454,1.072407271
152.4996,1.019720304,1.117986577,1.165592915,1.095566323,0.98214837,1.199117982,1.014772786,1.116233444,1.07562023
152.9999,1.022245825,1.122032598,1.171899272,1.099522751,0.981129512,1.198254532,1.013979823,1.117903715,1.074044901
153.5,1.020770638,1.122984979,1.165939486,1.100193085,0.982920233,1.199860734,1.013840167,1.118138538,1.076305543
153.9995,1.020062548,1.119916906,1.159664074,1.095799483,0.979869833,1.200492073,1.012592729,1.116362218,1.078259128
154.4988,1.021602644,1.122690956,1.165673369,1.098298663,0.981395033,1.195427431,1.011638806,1.115922872,1.074921567
154.9988,1.021679353,1.125011186,1.16904006,1.098648402,0.983309251,1.195919504,1.01046238,1.115252491,1.072785528
155.4997,1.018256919,1.121776926,1.160146798,1.095529892,0.978289059,1.193565908,1.007212415,1.114680584,1.069345616
155.9993,1.018959108,1.12203899,1.162009617,1.097526322,0.980728144,1.198584128,1.007988809,1.112779278,1.072371671
156.4996,1.016651915,1.119130713,1.159515543,1.095661044,0.97762217,1.194215816,1.007598245,1.113767806,1.063320206
156.9992,1.017808462,1.118753595,1.156724408,1.096936136,0.977609821,1.194554697,1.007666889,1.113354972,1.068678103
157.4989,1.018180209,1.118791946,1.158692437,1.095355022,0.977541897,1.192507486,1.006805281,1.111396854,1.068691454
157.9999,1.014757774,1.115819751,1.155814659,1.093220154,0.977189928,1.194382935,1.006076229,1.110987808,1.070823043
158.4993,1.015259338,1.115768616,1.157231887,1.093701046,0.976152545,1.192368219,1.006104633,1.109427374,1.072963532
158.9993,1.015294742,1.118299776,1.158420131,1.095930635,0.979165895,1.190933779,1.005759043,1.108847892,1.066092606
159.4989,1.014427332,1.118178332,1.158048805,1.094582681,0.978085288,1.192544623,1.004686768,1.106215605,1.071592907
160,1.012539092,1.116094599,1.155604241,1.093897774,0.978208786,1.192855651,1.004083169,1.104677895,1.07396035
160.4992,1.016014634,1.11564078,1.156000322,1.094203796,0.977338125,1.191216953,1.003827527,1.104996042,1.069492468
160.9989,1.011111111,1.11093001,1.149031767,1.090123502,0.975022538,1.185683448,1.001886542,1.104465797,1.068660303
161.4996,1.014386027,1.115583253,1.157046224,1.092294801,0.978776876,1.182155375,1.001067542,1.101522939,1.066475313
161.9999,1.011606774,1.114854586,1.15419939,1.091646326,0.976677411,1.186226586,1.000764559,1.1003867,1.067102775
162.4997,1.00921107,1.109721956,1.146240632,1.090210937,0.973182419,1.186602604,0.998454313,1.097765776,1.072576375
162.9994,1.008379064,1.109996804,1.146797621,1.089096142,0.974108654,1.186658311,1.000750356,1.09731128,1.07179761
163.4988,1.011052104,1.113563439,1.149279318,1.087842909,0.973762859,1.18315809,0.998672082,1.099053513,1.068099593
163.9988,1.010503334,1.112585491,1.147323666,1.090043353,0.975288059,1.183603742,0.997012777,1.097985449,1.067049374
164.4989,1.009429398,1.111403004,1.150288087,1.090742832,0.976800909,1.181505466,0.997043549,1.095686459,1.063916516
164.9992,1.004195433,1.106826462,1.1426759,1.08720172,0.974701444,1.180400622,0.994946339,1.095591772,1.062065283
165.4997,1.006042367,1.107331416,1.146259198,1.089241867,0.974892866,1.178761925,0.994733304,1.094054062,1.058385066
166.0002,1.006473122,1.109108341,1.150894587,1.091034282,0.974540896,1.179133301,0.995007882,1.094932754,1.064294773
166.5001,1.007847997,1.106168105,1.150343786,1.088586105,0.973651711,1.182285356,0.995762973,1.093345807,1.0684734
167.0001,1.005133652,1.101553212,1.139247322,1.08838209,0.970224643,1.181923264,0.993826722,1.092618614,1.064579579
167.5002,1.006732755,1.107670182,1.148579987,1.089431309,0.974664394,1.178488035,0.991497541,1.08916066,1.06081926
168.0002,1.004502272,1.106014701,1.146092101,1.088032351,0.973441765,1.174783557,0.989549455,1.08920611,1.058051309
168.4991,1.005015637,1.103298178,1.145411337,1.087281868,0.973380016,1.174481814,0.989580227,1.091679323,1.051563091
168.9992,1.007269723,1.107152445,1.146531504,1.089963204,0.972713127,1.17668686,0.99228577,1.089217472,1.058438467
169.4992,1.005835841,1.106992649,1.146828565,1.090225509,0.972348808,1.17502031,0.989097347,1.087573713,1.057859956
169.9997,1.002035759,1.104614893,1.142781109,1.087835622,0.969712126,1.172996309,0.987305487,1.088066084,1.052982667
170.4998,1.002944474,1.104282518,1.143938409,1.089322015,0.972268534,1.172216419,0.988197867,1.086838946,1.055412411
170.9989,1.000796601,1.104001278,1.14710706,1.085737185,0.971194102,1.166873245,0.98367916,1.08463843,1.052337405
171.4995,1.00259633,1.103438798,1.145374204,1.087478597,0.972886024,1.171111575,0.982355977,1.083805188,1.053823732
171.9988,1.000861509,1.103342921,1.144309736,1.086065066,0.970496338,1.169816401,0.982666061,1.082774998,1.056409229
172.4998,1.000200625,1.105567274,1.146407729,1.085846479,0.971688094,1.169389318,0.982204485,1.0825629,1.055314509
172.9998,0.998477607,1.098561841,1.137991002,1.082035775,0.970008521,1.170545227,0.980244564,1.080006363,1.053877133
173.499,1.001758423,1.100805369,1.144829592,1.083274436,0.970261692,1.173488383,0.980142781,1.078938298,1.054317691
174.0001,1.002578627,1.102294663,1.14146909,1.08508871,0.969699776,1.171325117,0.980033896,1.080032875,1.055505863
174.4993,0.999309612,1.098651326,1.136846079,1.082676965,0.968328949,1.17447253,0.979094176,1.079044347,1.054188639
174.9997,1.001563699,1.104308086,1.139185434,1.082152355,0.970261692,1.168210199,0.978031368,1.074828901,1.053734731
175.4993,1.000064908,1.097807606,1.137687752,1.08150388,0.967303916,1.16456607,0.976232407,1.076877919,1.046814854
175.9995,0.998985071,1.098932566,1.138758409,1.081511166,0.970508688,1.166515795,0.978090545,1.077605112,1.046632401
176.4997,0.999333215,1.098293384,1.139674347,1.082669678,0.970650711,1.164788896,0.976012271,1.076775657,1.041946466
177.0002,0.997763616,1.097404922,1.137712507,1.080265219,0.966538229,1.161302602,0.972999011,1.073419965,1.041198852
177.4997,0.996742786,1.094841802,1.131814609,1.075645743,0.96342608,1.163781538,0.974715125,1.074192608,1.042329173
177.9996,0.998707736,1.097596676,1.13784866,1.081860906,0.968483322,1.161882877,0.970807118,1.07136716,1.040624791
178.4991,0.995963887,1.095596037,1.135862065,1.076906263,0.965173576,1.162393519,0.974168335,1.072029966,1.048901942
178.9999,0.995238095,1.097091723,1.133634108,1.079208714,0.964407889,1.159557134,0.972693661,1.069977162,1.041559308
179.4996,0.9937039,1.089568552,1.129382423,1.077153995,0.963808924,1.158405868,0.970582248,1.068488689,1.039027212
180.0001,0.995344309,1.096267178,1.134382949,1.076388939,0.962506021,1.157022491,0.970023623,1.069435554,1.035146741
180.4988,0.995627545,1.097200384,1.13125762,1.079361725,0.963889198,1.153429427,0.968326445,1.065761716,1.036076808
181.0001,0.999044079,1.095295622,1.135255565,1.080913694,0.965439097,1.157194253,0.966858871,1.066867655,1.035725252
181.5001,0.994087449,1.096740173,1.132216879,1.078494663,0.962975313,1.153522271,0.967467204,1.066102587,1.033495761
181.9991,0.99700832,1.099303292,1.136091049,1.082174214,0.963327282,1.155082051,0.964387667,1.062432536,1.03617471
182.4996,0.995692453,1.095455417,1.133999245,1.079164997,0.963987996,1.151786087,0.964113088,1.06248556,1.036512916
182.9997,0.995716056,1.095385107,1.132520129,1.077715035,0.961616835,1.153215886,0.965388931,1.063682399,1.034247825
183.5001,0.995226294,1.096120166,1.132452053,1.078443659,0.963154385,1.152565977,0.965987795,1.061425071,1.04108315
184.0001,0.994683425,1.098261425,1.129605218,1.076782396,0.96285799,1.14995706,0.96333196,1.060713028,1.034577131
184.5001,0.996040597,1.098063279,1.131882686,1.075973624,0.962506021,1.146582179,0.961338901,1.059652538,1.034247825
184.9996,0.99598749,1.097929051,1.134191097,1.079893621,0.963555753,1.146772509,0.959736405,1.058474637,1.029196983
185.4991,0.995456423,1.096113774,1.132841945,1.07660024,0.962407222,1.149362858,0.96086549,1.057641395,1.033914069
185.9997,0.9960642,1.100108661,1.132538695,1.078705964,0.963549578,1.145997261,0.958938707,1.056959652,1.034723984
186.4987,0.996406444,1.097941834,1.128386031,1.077481875,0.960375681,1.143383701,0.960368408,1.056402895,1.032441092
187,0.996707382,1.097462448,1.130496401,1.076913549,0.961993504,1.145068821,0.958022657,1.053494124,1.03233874
187.4994,0.992919101,1.094771492,1.127420583,1.075798754,0.960560928,1.144001114,0.958254629,1.05384257,1.03344681
187.9995,0.994860447,1.094042825,1.12552063,1.076163066,0.961765033,1.143875775,0.957913773,1.0533805,1.034118773
188.5,0.992405736,1.094944072,1.12577437,1.076498233,0.962938263,1.142891628,0.957719674,1.052266986,1.034617182
189.0001,0.992706674,1.096024289,1.125910523,1.074188495,0.964290566,1.144767078,0.958264097,1.050695189,1.038613355
189.4987,0.993113825,1.091671461,1.12607762,1.072614667,0.959165401,1.144275004,0.95496679,1.050252056,1.031315222
189.9999,0.992966307,1.095308405,1.128571694,1.077897191,0.960943771,1.140784068,0.954450772,1.048153801,1.029463988
190.499,0.98960878,1.09012464,1.122878026,1.073671172,0.957769874,1.139990251,0.954550189,1.047100887,1.02631778
190.9997,0.992919101,1.09500799,1.131536115,1.075296003,0.962641868,1.13794304,0.952176033,1.047384946,1.02027457
191.5,0.992535552,1.088008949,1.122153939,1.072264928,0.958387364,1.137325627,0.952365397,1.046047972,1.024778052
191.9991,0.992458842,1.094976031,1.128423163,1.075478159,0.959548244,1.13821693,0.953475546,1.045449553,1.021097835
192.4989,0.991626837,1.08980505,1.124821299,1.073824183,0.958313265,1.137330269,0.954256674,1.047502358,1.021551743
192.9999,0.993178734,1.094343241,1.130007488,1.074414368,0.960517703,1.139591022,0.95188962,1.045555602,1.021573994
193.4996,0.990216558,1.092310642,1.122717118,1.071580021,0.957596977,1.137260636,0.950680055,1.044461025,1.024978306
193.9997,0.991921874,1.091684244,1.125817691,1.073379722,0.960017537,1.136225425,0.951655281,1.044150453,1.022406159
194.4995,0.992500148,1.092176414,1.127556736,1.075354293,0.960320107,1.135858691,0.950258719,1.043339936,1.022535211
194.9996,0.990523396,1.093972515,1.125644406,1.074443513,0.959727317,1.136141866,0.95130259,1.043317211,1.024404245
195.5,0.987578923,1.08618728,1.121603139,1.070108201,0.956973312,1.136137223,0.948417151,1.040272091,1.026954142
196,0.990299168,1.090278044,1.123589734,1.071762177,0.957282057,1.134828122,0.947780413,1.039950157,1.023398527
196.4995,0.989596979,1.085822947,1.118446866,1.07125214,0.956763366,1.134702783,0.947882196,1.039412337,1.024568898
196.999,0.990818434,1.090290828,1.123831096,1.072935262,0.959140701,1.132005663,0.948282229,1.039283564,1.021640745
197.5002,0.988623355,1.087657399,1.119393748,1.071915188,0.956744841,1.130353039,0.945732911,1.03787084,1.020203369
197.9992,0.990859739,1.090501758,1.124320009,1.073911618,0.956473145,1.130752269,0.944438132,1.037374682,1.019010747
198.4989,0.989319644,1.085362736,1.120817165,1.073270429,0.95588653,1.127827681,0.943990759,1.036227081,1.013684
198.9994,0.989555674,1.087478428,1.12220345,1.069627309,0.955750682,1.128296544,0.94275279,1.036708089,1.015530783
199.4993,0.989785803,1.086206456,1.12114517,1.070909687,0.954639201,1.124722048,0.943110215,1.036473266,1.013737401
200,0.985702484,1.082582295,1.112425193,1.068913257,0.952552085,1.125237333,0.942168127,1.035693049,1.011797165
200.4999,0.986156842,1.085727069,1.118824381,1.069168276,0.954145209,1.120437295,0.940025943,1.037011086,1.006497119
200.9995,0.986463681,1.080971556,1.113873365,1.068359503,0.953892038,1.12297658,0.941455644,1.035685474,1.008388403
201.4993,0.987514014,1.082921061,1.114937834,1.069743889,0.952922579,1.123468654,0.940298154,1.034128827,1.010293038
201.9994,0.987502213,1.081214446,1.1137991,1.070698386,0.952607659,1.122572708,0.940506455,1.033041825,1.009598825
202.499,0.987360595,1.082473634,1.112555157,1.068556232,0.952342139,1.118199754,0.939351332,1.032788065,1.003969472
203,0.983678527,1.077807606,1.106155969,1.066006048,0.951736999,1.115846157,0.938558369,1.032992588,1.002879203
203.5,0.985549065,1.083994887,1.112016734,1.067288426,0.950613167,1.120553351,0.938882656,1.031102644,1.007587388
203.9993,0.983076651,1.078983701,1.10348861,1.065925899,0.950285898,1.117067057,0.935419655,1.029799757,1.005638253
204.4999,0.982893728,1.077877916,1.109256543,1.065343,0.948371679,1.117605552,0.932898742,1.028046162,1.006403667
204.9986,0.982392164,1.079354426,1.109108013,1.064395789,0.949940103,1.116899937,0.934754513,1.027917388,1.005059742
205.4989,0.982923231,1.08035155,1.110946077,1.067040694,0.951588801,1.117535919,0.932167322,1.026186517,1.007396035
205.9994,0.983064849,1.079475871,1.110413843,1.064752814,0.951138034,1.116848873,0.932148386,1.027523492,1.003115057
206.4992,0.981536555,1.077417705,1.107523688,1.064067908,0.949032394,1.116022561,0.931246538,1.025004829,0.998028614
206.9993,0.980527527,1.078785554,1.108507702,1.065240992,0.950341472,1.116579625,0.931880909,1.024815456,1.003422112
207.4988,0.979105446,1.074106743,1.105332863,1.067419578,0.949155891,1.116639974,0.932304611,1.025076791,1.0000178
207.9986,0.977594855,1.077858741,1.106768658,1.066086196,0.94982278,1.117080983,0.932718846,1.025179052,1.002367443
208.4986,0.978403257,1.075244487,1.103005886,1.064577945,0.948773048,1.115289093,0.931561356,1.023948127,1.002225041
208.9988,0.981076297,1.07887504,1.111639219,1.067616307,0.951317106,1.116858158,0.92867355,1.022489954,1.001125871
209.4996,0.979123149,1.076126558,1.104602588,1.063208131,0.946766206,1.113627185,0.929546993,1.023133822,0.997534655
209.9995,0.977789579,1.075743049,1.109275109,1.066282925,0.95017475,1.112889075,0.928185937,1.022845975,0.99340943
210.4999,0.979925651,1.080121445,1.112326173,1.069627309,0.949754857,1.113450781,0.929132759,1.023232296,0.996965045
210.9986,0.979376881,1.076113774,1.108037355,1.065576159,0.948840972,1.111097185,0.928268784,1.019895542,0.997503504
211.4998,0.978474066,1.076139342,1.108154942,1.066559802,0.949359663,1.108906065,0.92631123,1.0190926,0.996844892
211.9993,0.979418186,1.07339086,1.106125026,1.064264636,0.946642708,1.111589258,0.92639171,1.018611592,1.000907817
212.4986,0.979005134,1.076452541,1.1068553,1.065306569,0.946266039,1.110619038,0.929475981,1.016839059,1.002585497
212.9989,0.979483094,1.07676574,1.111261705,1.06755073,0.947056426,1.111988487,0.925485128,1.017676089,1.001975836
213.4997,0.975411577,1.075314797,1.107375157,1.064519655,0.945494177,1.111487129,0.92578101,1.016376989,1.000778764
213.9994,0.978834012,1.07571109,1.111583521,1.066887683,0.944642041,1.105391918,0.924564344,1.015248325,0.992221258
214.4988,0.977978403,1.077072547,1.108291095,1.06449051,0.946877354,1.105257294,0.921870636,1.014873366,0.992937721
214.9994,0.978184929,1.074752317,1.107492744,1.064811104,0.947093476,1.104370633,0.92065397,1.012688,0.994668803
215.4998,0.977417832,1.075806967,1.108544835,1.067390433,0.946655058,1.10470023,0.922202023,1.011426775,0.992185657
215.9997,0.974969021,1.073167146,1.106409709,1.068884112,0.944555593,1.103135808,0.920007764,1.010824569,0.994913557
216.4993,0.97354694,1.076120166,1.107975468,1.066246493,0.943913403,1.102894413,0.918985196,1.00992694,0.999212336
216.9988,0.974178321,1.072457654,1.104212696,1.065379431,0.943172415,1.100573312,0.918857376,1.007821111,0.992701867
217.4998,0.974066206,1.071428571,1.100400413,1.064701811,0.941437269,1.103716083,0.91790582,1.011529037,0.993249227
217.9996,0.976792353,1.077903484,1.110160103,1.068658239,0.946698282,1.101548174,0.916944796,1.009498957,0.991326792
218.4997,0.975624004,1.078120805,1.107443234,1.067922329,0.943549084,1.102267716,0.917271449,1.00910506,0.992835369
218.9998,0.972172066,1.072419303,1.101916662,1.063849321,0.941505193,1.101599239,0.915960101,1.007559776,0.99122889
219.4986,0.970218918,1.071115372,1.10197855,1.067827608,0.942073284,1.101928835,0.915853583,1.007302228,0.99453085
219.9986,0.970478551,1.072527964,1.10429315,1.067251995,0.940714806,1.10259267,0.919344989,1.006673509,0.997312151
220.4986,0.972762141,1.072176414,1.102059004,1.063477722,0.941986835,1.10290834,0.916719925,1.007480239,0.992777518
220.9993,0.968430991,1.067254714,1.095808346,1.063084265,0.940659232,1.099533459,0.914191911,1.007465089,0.990948535
221.4986,0.969392813,1.066417386,1.100276638,1.062311924,0.941486668,1.097333055,0.913103066,1.004086672,0.987237167
221.9998,0.9669322,1.069332055,1.09830242,1.06249408,0.941912736,1.09803867,0.911351446,1.004522231,0.986382751
222.4999,0.966761079,1.065707894,1.09699659,1.061809173,0.939776222,1.098920688,0.913249824,1.003696564,0.991954253
222.9985,0.96684959,1.068724832,1.102974942,1.063302853,0.940010868,1.097156651,0.912416621,1.002689099,0.984794072
223.4998,0.964660412,1.066449345,1.097776375,1.062362928,0.937991676,1.097319128,0.910317043,1.002120979,0.989622411
223.9997,0.965970378,1.065592841,1.096390091,1.062705381,0.939658899,1.096641367,0.908740585,0.99971594,0.989435507
224.4995,0.966466041,1.067548738,1.098636614,1.06311341,0.940325788,1.096780633,0.908248238,0.998284279,0.990441226
224.999,0.96645424,1.06660914,1.098432385,1.063251849,0.938337471,1.092625862,0.906579464,0.997504062,0.981834768
225.4997,0.965238685,1.067037392,1.099236925,1.063383001,0.940301088,1.092913678,0.907336922,0.998011582,0.983481299
225.9997,0.96369859,1.061661873,1.09503475,1.059331852,0.938423919,1.094352761,0.905732059,0.996704907,0.977126583
226.4993,0.960883932,1.059814637,1.09276966,1.057444716,0.935342645,1.093647146,0.905126093,0.99644736,0.983463498
226.999,0.962842981,1.064224992,1.098141512,1.059725309,0.939418078,1.095443678,0.904089323,0.997572236,0.983347796
227.4985,0.962624653,1.061840844,1.096563376,1.059091406,0.939214306,1.09428777,0.906368797,0.996140575,0.981015954
227.9997,0.964129344,1.063969319,1.097999171,1.058370068,0.937071616,1.090727201,0.904934362,0.994962675,0.979934584
228.4996,0.960689208,1.059354426,1.091191524,1.058166053,0.934793079,1.090184063,0.903980439,0.994542266,0.983103042
228.9987,0.961060955,1.06302333,1.097367916,1.058923822,0.935237672,1.09363322,0.904311826,0.994273356,0.985417084
229.4998,0.960305659,1.061444551,1.090752121,1.058982112,0.934601657,1.091502449,0.901300933,0.994383193,0.978506108
229.9996,0.962471234,1.063183126,1.095591739,1.058450217,0.934854828,1.091785623,0.902555472,0.993413602,0.983819505
230.4996,0.959202219,1.060402685,1.09181659,1.056905534,0.935182098,1.091284265,0.902082061,0.990959326,0.984442516
230.9985,0.957986664,1.056401406,1.088103328,1.054253343,0.932786237,1.090123715,0.89996118,0.992334175,0.98138531
231.4985,0.956304951,1.058581016,1.088975944,1.054785238,0.932100824,1.087426595,0.900415655,0.990394994,0.984055359
231.9997,0.96031746,1.057622244,1.088808847,1.054909104,0.931378361,1.088030081,0.900339909,0.989277693,0.980637697
232.4986,0.958777365,1.057730904,1.087410185,1.053757878,0.932477492,1.085384026,0.900489033,0.989171644,0.976686025
232.9996,0.959632973,1.058261425,1.084736637,1.052490072,0.930273054,1.082385164,0.898869968,0.99035712,0.974469884
233.4998,0.959503157,1.05852349,1.09000328,1.053393566,0.931366011,1.085226191,0.899719741,0.989629927,0.978163451
233.9998,0.958930784,1.061975072,1.087663925,1.054282488,0.933737172,1.088225054,0.899570616,0.988277803,0.979004517
234.4997,0.955006786,1.056158517,1.08577635,1.052191337,0.929649389,1.087027366,0.89771958,0.987020365,0.978559509
234.9994,0.957054346,1.05746884,1.088926434,1.053714161,0.929303595,1.086173201,0.896649671,0.986122737,0.978911065
235.4991,0.957302177,1.058325344,1.088449899,1.052329775,0.931755029,1.088879604,0.894083784,0.985100122,0.977989898
235.9985,0.959556264,1.059073186,1.087515395,1.053473715,0.931816778,1.089668779,0.895534789,0.985285707,0.977371337
236.4988,0.958169588,1.057858741,1.086698477,1.053699588,0.930587974,1.088540724,0.895743089,0.986077287,0.977077632
236.9987,0.957520505,1.059284116,1.085900126,1.051557434,0.930013708,1.086785971,0.89637746,0.985959876,0.975052845
237.4987,0.956777011,1.055340364,1.082601511,1.050282342,0.927123856,1.084070283,0.893160633,0.984550939,0.971813186
237.9997,0.956287248,1.056324704,1.085763973,1.052125761,0.927617848,1.083466797,0.893035179,0.983986608,0.973366264
238.4996,0.955685372,1.058606584,1.0872369,1.050005465,0.928222988,1.079920154,0.891929765,0.984134319,0.968907283
238.9995,0.956181035,1.053058485,1.081258548,1.049903457,0.929439443,1.075598264,0.888708204,0.982539797,0.966833545
239.4994,0.956446569,1.056567593,1.084377688,1.053306131,0.929001025,1.080644338,0.889657393,0.980339281,0.969628196
239.9984,0.955260518,1.055225312,1.085924881,1.050843382,0.92928507,1.078940649,0.890537937,0.98116116,0.970269007
240.4985,0.951666962,1.05472675,1.082193052,1.048591934,0.928612006,1.078866374,0.889079831,0.980725602,0.965618673
240.9991,0.953643713,1.054777884,1.082849062,1.05138985,0.928939276,1.079209897,0.887792154,0.979759799,0.96710945
241.4984,0.952971027,1.05057846,1.079042969,1.050879813,0.926679263,1.076786668,0.887103341,0.97868416,0.968190819
241.9996,0.954080368,1.055071908,1.084680938,1.05321141,0.927790745,1.079845879,0.887295072,0.977706994,0.969970852
242.4987,0.951389626,1.051102589,1.078739719,1.047965317,0.925487508,1.078276815,0.885865371,0.978472062,0.967038248
242.9987,0.952380952,1.055110259,1.081865048,1.051083828,0.927290578,1.076884154,0.886419262,0.977824406,0.968173019
243.4991,0.949613501,1.053908597,1.08170414,1.051652155,0.926358169,1.079799457,0.885645235,0.978487212,0.968871682
243.9986,0.950309789,1.051965484,1.077873291,1.047608292,0.926117348,1.080263677,0.887560182,0.977900155,0.967349754
244.4984,0.949979347,1.051799297,1.07727298,1.047965317,0.924647722,1.080704686,0.888204021,0.975714789,0.973495316
244.9984,0.9488228,1.051939917,1.080967676,1.050668513,0.926753362,1.07803542,0.885159989,0.975195907,0.969040785
245.4995,0.949188647,1.050028763,1.074512789,1.049014536,0.923301594,1.079516283,0.884923284,0.974411902,0.970584963
245.9996,0.94984363,1.051556408,1.078813984,1.048861525,0.925178763,1.080509714,0.884198965,0.974158142,0.967545558
246.4992,0.948215023,1.050923618,1.075849563,1.049888885,0.925499858,1.078365016,0.884710249,0.974881547,0.970500412
246.9998,0.948917212,1.052994567,1.076592216,1.051287843,0.928062441,1.072715456,0.883124322,0.974010431,0.967857063
247.4996,0.948545465,1.049741131,1.074141463,1.049837881,0.925827128,1.07464197,0.8838013,0.972620432,0.963611686
247.9985,0.949442379,1.0494535,1.071975393,1.048322343,0.924555099,1.074112759,0.882776365,0.973658197,0.959611063
248.4997,0.951672862,1.05061681,1.075954772,1.049619294,0.924592148,1.074581622,0.882231943,0.971522068,0.959513161
248.9985,0.947866879,1.052681368,1.07606617,1.051499144,0.924721821,1.071104612,0.879682625,0.969359426,0.95780878
249.4992,0.94771936,1.047075743,1.071703088,1.04724398,0.922560607,1.073216814,0.878068294,0.970359317,0.957345972
249.9986,0.948515962,1.045592841,1.070273482,1.047994462,0.921973991,1.073931713,0.878870726,0.968404986,0.961520148
250.4984,0.948716587,1.04987536,1.074401391,1.047316842,0.923659738,1.071211383,0.879081394,0.967927766,0.962837372
250.9997,0.947253201,1.048117609,1.072031092,1.051032825,0.922603831,1.0702783,0.878823385,0.96699605,0.96272612
251.4994,0.945766212,1.048616171,1.072581893,1.049021822,0.920510541,1.07133208,0.878278962,0.968779945,0.962290012
251.9985,0.948368443,1.049900927,1.074673697,1.049480855,0.922430934,1.072098043,0.878196115,0.966897576,0.96107959
252.4986,0.945052222,1.04660914,1.071016134,1.047928886,0.920646388,1.069744447,0.876595986,0.966670328,0.957208019
252.9994,0.944668673,1.044314477,1.07169071,1.047214835,0.919744853,1.06992085,0.876939209,0.965886323,0.955352335
253.4995,0.946922759,1.046008309,1.072266266,1.048183905,0.921535574,1.071225309,0.876449229,0.965253817,0.955481388
253.9991,0.94677524,1.04752317,1.075168799,1.048642938,0.922443284,1.0692663,0.876463431,0.964700847,0.955116481
254.4991,0.942290671,1.04457015,1.069871212,1.046580932,0.919991849,1.071378502,0.875961616,0.962417007,0.95672741
254.9992,0.946551012,1.047957814,1.073064617,1.050617509,0.921720821,1.068783511,0.87486567,0.96369717,0.954311016
255.4991,0.944261521,1.043272611,1.069951666,1.047520857,0.922801428,1.071777731,0.87490591,0.962337471,0.958062435
255.9984,0.945783915,1.047708533,1.072198189,1.04877409,0.922325961,1.06785507,0.874555586,0.961295918,0.955917495
256.4996,0.94464507,1.046832854,1.07249525,1.048234908,0.920887209,1.070487199,0.875760416,0.962549568,0.957688628
256.9994,0.946710332,1.045727069,1.070750017,1.047353273,0.9214553,1.068412135,0.875069236,0.960508126,0.958609795
257.4984,0.945064023,1.0435155,1.067754652,1.045976174,0.920306769,1.067808648,0.872730587,0.961557253,0.956033198
257.9987,0.947937688,1.047209971,1.072315776,1.04530584,0.919380534,1.067051969,0.872112785,0.960364202,0.95833834
258.4997,0.942632914,1.042799616,1.06691298,1.047732158,0.919466983,1.063955621,0.872714017,0.959095402,0.952958191
258.9992,0.946226471,1.0456248,1.070124951,1.046078181,0.920362343,1.06361674,0.870195471,0.95956126,0.951071357
259.4984,0.943087272,1.041923937,1.067711331,1.042799373,0.918608672,1.063115382,0.870872449,0.958796193,0.954395568
259.999,0.942449991,1.042422499,1.066591164,1.044263908,0.920387043,1.060251143,0.869703124,0.958300035,0.950043388
260.4983,0.944869298,1.043438798,1.069239957,1.043374986,0.920343818,1.060966042,0.869750465,0.957455431,0.955997597
260.9986,0.942190358,1.04274209,1.068497305,1.042609931,0.918676596,1.060320776,0.869177638,0.958326547,0.953136195
261.4994,0.942691922,1.043982103,1.068484927,1.043630005,0.918516049,1.05807395,0.868183475,0.958163687,0.950586298
261.9994,0.942768632,1.043611377,1.067698953,1.044875952,0.919219987,1.060283639,0.868493559,0.957197884,0.951262711
262.4985,0.941299345,1.044915308,1.071659766,1.044227476,0.920541415,1.058863125,0.868053287,0.956675214,0.951934673
262.9995,0.938667611,1.039220198,1.06303881,1.042566214,0.915261877,1.059967969,0.868997742,0.95657674,0.953283047
263.4994,0.941092819,1.042352189,1.066968679,1.043928741,0.918361676,1.057660794,0.86701415,0.95605407,0.951907972
263.9987,0.937752995,1.04084372,1.068596325,1.042267478,0.917892384,1.057586519,0.866585713,0.955364752,0.950510647
264.4991,0.936625951,1.041994247,1.068187866,1.041269263,0.918874193,1.057971822,0.865482666,0.95377023,0.945139399
264.999,0.939540922,1.040888463,1.068627269,1.04371744,0.918713645,1.058983822,0.864135812,0.954652709,0.947021783
265.4996,0.937499262,1.038849473,1.067389515,1.043076251,0.918287577,1.057586519,0.864696804,0.952626416,0.949282424
265.9994,0.9370095,1.03767977,1.067160531,1.039622573,0.915484174,1.058120372,0.864708639,0.952111321,0.948846316
266.4991,0.937823804,1.038843081,1.065675226,1.041582571,0.915811443,1.057475106,0.862642201,0.950531949,0.94793405
266.9995,0.936319113,1.040722275,1.066894413,1.041276549,0.916805602,1.054522666,0.864384353,0.950884183,0.944894644
267.4991,0.9362188,1.040006392,1.066374557,1.042952384,0.916200462,1.055910684,0.862074108,0.950975082,0.943475068
267.9994,0.93440727,1.039162672,1.063373003,1.038434916,0.915156904,1.055957106,0.862549886,0.950800859,0.946950582
268.4994,0.934720009,1.041604346,1.067909372,1.042420489,0.917818285,1.055636794,0.863255268,0.949759307,0.945522106
268.9991,0.933581165,1.036069032,1.062846958,1.041342125,0.914298593,1.054513381,0.860483447,0.950001704,0.938499878
269.4991,0.934873429,1.039488655,1.064307508,1.040715509,0.916391884,1.057075877,0.861685911,0.948482932,0.94355072
269.9998,0.933557562,1.036957494,1.061312143,1.040730081,0.91358848,1.054750133,0.86070595,0.949119226,0.940004005
270.4984,0.935251077,1.039284116,1.063713386,1.042420489,0.915348326,1.054336977,0.858895154,0.949497972,0.93918074
270.9991,0.933014693,1.035608821,1.060619001,1.040941382,0.914557939,1.050586078,0.860088149,0.94896394,0.934566006
271.4986,0.931846344,1.033774369,1.060340506,1.037771868,0.91419362,1.051444885,0.857879687,0.948429907,0.939554547
271.9988,0.932029268,1.033876638,1.057499861,1.0372254,0.912952466,1.050446812,0.856783741,0.947305031,0.933520237
272.4986,0.931622116,1.034995206,1.059498833,1.03766986,0.913841651,1.050859968,0.859101087,0.9466195,0.939874953
272.9989,0.929899097,1.036126558,1.058100171,1.03989945,0.913150062,1.051268482,0.858372035,0.94735048,0.941009723
273.4993,0.932513129,1.034560562,1.05956691,1.038806514,0.91357613,1.052405821,0.858132962,0.94611198,0.941009723
273.9993,0.93212958,1.034266539,1.057543182,1.037742723,0.91298334,1.051310262,0.85722638,0.945195414,0.939078388
274.4992,0.929887296,1.033052093,1.057221366,1.036227185,0.9109024,1.048631711,0.857027548,0.946661162,0.94136128
274.9995,0.929285419,1.033071269,1.05599599,1.034500346,0.910482507,1.049629784,0.856954169,0.945426449,0.940502414
275.4984,0.929072992,1.034419942,1.05871286,1.034514919,0.911686612,1.047926096,0.856433417,0.945593098,0.939781501
275.9983,0.929881395,1.032189198,1.056317806,1.036635214,0.910346659,1.048158206,0.855590746,0.945240864,0.934610507
276.4984,0.931303476,1.033135187,1.057357519,1.035483988,0.912761044,1.049151638,0.857856017,0.945600673,0.939857152
276.9995,0.931616215,1.033851071,1.05810636,1.037145251,0.911365517,1.046612353,0.854506635,0.943294108,0.937129253
277.4998,0.928618635,1.029760307,1.052437447,1.033946592,0.911427266,1.0443516,0.854421421,0.94311231,0.936065683
277.9993,0.930748805,1.034458293,1.054380721,1.037057816,0.911062947,1.043775967,0.854023756,0.942298005,0.929381661
278.499,0.932070573,1.035551294,1.059009921,1.037553281,0.912384375,1.045461087,0.854232057,0.942286643,0.935438222
278.9997,0.930200035,1.034682007,1.057363708,1.036569638,0.911637212,1.043859527,0.85258222,0.941199641,0.931148343
279.4993,0.927969552,1.032240332,1.054813935,1.036555066,0.910328134,1.044727619,0.852198757,0.940177026,0.930169326
279.999,0.92827049,1.031780121,1.055686551,1.035032242,0.910062613,1.043121417,0.853015391,0.93902185,0.934517055
280.4997,0.927290966,1.032214765,1.057567937,1.036635214,0.910630704,1.045196481,0.852295806,0.940358824,0.936955699
280.9983,0.928329498,1.030386705,1.058613839,1.035994025,0.911587813,1.046203839,0.853157414,0.939794492,0.932874975
281.4994,0.929545052,1.031952701,1.057468917,1.036831943,0.912699295,1.04310749,0.851640132,0.938734003,0.934374652
281.9983,0.929309022,1.029018856,1.055810327,1.034718933,0.909161078,1.04300072,0.849985561,0.93748414,0.932122911
282.4987,0.93133888,1.032981783,1.053972262,1.0372254,0.911371692,1.040874591,0.848023273,0.937226593,0.92712102
282.9996,0.932200389,1.029626079,1.055135751,1.03408503,0.909309276,1.040187545,0.850295645,0.936965258,0.929208108
283.4983,0.930489172,1.030993928,1.054263134,1.036715363,0.91120497,1.040206114,0.849275445,0.936953895,0.932652471
283.9983,0.926618281,1.028181528,1.051236826,1.035330977,0.90846949,1.038767031,0.849268343,0.937309917,0.928687449
284.4997,0.926836608,1.030591243,1.054027961,1.035141535,0.909494523,1.040127196,0.846484688,0.936355476,0.929217008
284.9989,0.927462088,1.030252477,1.053897997,1.036780939,0.910661579,1.039026994,0.846281121,0.936995557,0.931878157
285.4998,0.926028206,1.029721956,1.056466336,1.034580495,0.908809109,1.040730683,0.846958098,0.936916021,0.932915026
285.9994,0.927727621,1.028092042,1.053341007,1.036161609,0.91026021,1.039964719,0.846515459,0.935749482,0.932372116
286.4993,0.924417301,1.028136785,1.050871688,1.033968451,0.909006706,1.040131839,0.844870356,0.934473107,0.930712235
286.9994,0.92298932,1.027401726,1.050791234,1.03443477,0.90877206,1.03745793,0.842780247,0.934594306,0.923418552
287.4988,0.924653331,1.026474912,1.054244568,1.035746293,0.909827967,1.03838637,0.842046461,0.93413981,0.926876265
287.999,0.924429102,1.02674976,1.052431258,1.035739007,0.907320959,1.033539911,0.843021687,0.93397695,0.923414102
288.4997,0.926364548,1.02759348,1.052579789,1.034697075,0.909371025,1.037132976,0.843300999,0.931530249,0.930538682
288.9988,0.926051809,1.027548738,1.051292525,1.03654778,0.909438949,1.038400297,0.843566109,0.930670495,0.932652471
289.4983,0.923278456,1.024557367,1.048680864,1.034034027,0.905789584,1.033966994,0.839816695,0.931730984,0.923676657
289.9983,0.926364548,1.025049537,1.049491593,1.035760866,0.906771393,1.035837801,0.841786085,0.929958452,0.928398193
290.499,0.923892134,1.023087248,1.048173385,1.033764436,0.906530572,1.037216536,0.842789716,0.93058717,0.92271989
290.9987,0.924700537,1.024295302,1.047727793,1.034055885,0.907104837,1.033098902,0.842555377,0.928776763,0.927632779
291.4992,0.921944887,1.019731544,1.048631354,1.032176036,0.905184444,1.032592902,0.841987284,0.929182022,0.929372761
291.9988,0.925019177,1.020728667,1.047084161,1.031534846,0.907191286,1.031729452,0.839854568,0.927352677,0.927614979
292.4988,0.922700183,1.022045382,1.046898498,1.035032242,0.906067455,1.032277232,0.83945927,0.928007908,0.926057451
292.9993,0.921000767,1.014592522,1.04291293,1.030981092,0.904091487,1.029886498,0.838178694,0.927640524,0.923587655
293.4997,0.923455479,1.019674017,1.045475081,1.032197894,0.904820125,1.026678736,0.837636638,0.927754148,0.921375965
293.9983,0.920817844,1.019635666,1.042653002,1.032911946,0.906888716,1.029352645,0.836611704,0.927632949,0.923765659
294.4988,0.920416593,1.016963886,1.042851042,1.031461984,0.901948798,1.030086113,0.836161963,0.926216438,0.923743408
294.9991,0.923266655,1.016324704,1.044237327,1.030755219,0.905233843,1.025889562,0.836188001,0.925466521,0.919720535